build,scope,origin,leader
g0.1,goods,AK,TX
g0.1,goods,AL,CA
g0.1,goods,AR,CA
g0.1,goods,AZ,CA
g0.1,goods,CA,TX
g0.1,goods,CO,CA
g0.1,goods,CT,CA
g0.1,goods,DC,CA
g0.1,goods,DE,CA
g0.1,goods,FL,CA
g0.1,goods,GA,CA
g0.1,goods,HI,CA
g0.1,goods,IA,CA
g0.1,goods,ID,CA
g0.1,goods,IL,CA
g0.1,goods,IN,CA
g0.1,goods,KS,CA
g0.1,goods,KY,CA
g0.1,goods,LA,FL
g0.1,goods,MA,CA
g0.1,goods,MD,CA
g0.1,goods,ME,CA
g0.1,goods,MI,CA
g0.1,goods,MN,CA
g0.1,goods,MO,CA
g0.1,goods,MS,CA
g0.1,goods,MT,NY
g0.1,goods,NC,CA
g0.1,goods,ND,CA
g0.1,goods,NE,CA
g0.1,goods,NH,CA
g0.1,goods,NJ,NY
g0.1,goods,NM,CA
g0.1,goods,NV,CA
g0.1,goods,NY,CA
g0.1,goods,OH,CA
g0.1,goods,OK,TX
g0.1,goods,OR,CA
g0.1,goods,PA,CA
g0.1,goods,RI,CA
g0.1,goods,SC,CA
g0.1,goods,SD,CA
g0.1,goods,TN,CA
g0.1,goods,TX,CA
g0.1,goods,UT,CA
g0.1,goods,VA,CA
g0.1,goods,VT,CA
g0.1,goods,WA,CA
g0.1,goods,WI,CA
g0.1,goods,WV,CA
g0.1,goods,WY,CA
g0.1,all_interm,AK,CA
g0.1,all_interm,AL,CA
g0.1,all_interm,AR,CA
g0.1,all_interm,AZ,CA
g0.1,all_interm,CA,NY
g0.1,all_interm,CO,CA
g0.1,all_interm,CT,NY
g0.1,all_interm,DC,NY
g0.1,all_interm,DE,NY
g0.1,all_interm,FL,NY
g0.1,all_interm,GA,CA
g0.1,all_interm,HI,CA
g0.1,all_interm,IA,CA
g0.1,all_interm,ID,CA
g0.1,all_interm,IL,CA
g0.1,all_interm,IN,CA
g0.1,all_interm,KS,CA
g0.1,all_interm,KY,CA
g0.1,all_interm,LA,NY
g0.1,all_interm,MA,NY
g0.1,all_interm,MD,NY
g0.1,all_interm,ME,NY
g0.1,all_interm,MI,CA
g0.1,all_interm,MN,CA
g0.1,all_interm,MO,CA
g0.1,all_interm,MS,CA
g0.1,all_interm,MT,CA
g0.1,all_interm,NC,NY
g0.1,all_interm,ND,CA
g0.1,all_interm,NE,CA
g0.1,all_interm,NH,NY
g0.1,all_interm,NJ,NY
g0.1,all_interm,NM,CA
g0.1,all_interm,NV,CA
g0.1,all_interm,NY,CA
g0.1,all_interm,OH,CA
g0.1,all_interm,OK,TX
g0.1,all_interm,OR,CA
g0.1,all_interm,PA,NY
g0.1,all_interm,RI,NY
g0.1,all_interm,SC,CA
g0.1,all_interm,SD,CA
g0.1,all_interm,TN,CA
g0.1,all_interm,TX,CA
g0.1,all_interm,UT,CA
g0.1,all_interm,VA,NY
g0.1,all_interm,VT,NY
g0.1,all_interm,WA,CA
g0.1,all_interm,WI,CA
g0.1,all_interm,WV,CA
g0.1,all_interm,WY,CA
g0.25,goods,AK,CA
g0.25,goods,AL,CA
g0.25,goods,AR,TX
g0.25,goods,AZ,CA
g0.25,goods,CA,TX
g0.25,goods,CO,CA
g0.25,goods,CT,NY
g0.25,goods,DC,NY
g0.25,goods,DE,NY
g0.25,goods,FL,CA
g0.25,goods,GA,CA
g0.25,goods,HI,CA
g0.25,goods,IA,CA
g0.25,goods,ID,CA
g0.25,goods,IL,CA
g0.25,goods,IN,MI
g0.25,goods,KS,CA
g0.25,goods,KY,CA
g0.25,goods,LA,FL
g0.25,goods,MA,CA
g0.25,goods,MD,CA
g0.25,goods,ME,CA
g0.25,goods,MI,CA
g0.25,goods,MN,CA
g0.25,goods,MO,CA
g0.25,goods,MS,TX
g0.25,goods,MT,NY
g0.25,goods,NC,CA
g0.25,goods,ND,CA
g0.25,goods,NE,CA
g0.25,goods,NH,NY
g0.25,goods,NJ,NY
g0.25,goods,NM,CA
g0.25,goods,NV,CA
g0.25,goods,NY,CA
g0.25,goods,OH,CA
g0.25,goods,OK,TX
g0.25,goods,OR,CA
g0.25,goods,PA,CA
g0.25,goods,RI,NY
g0.25,goods,SC,CA
g0.25,goods,SD,CA
g0.25,goods,TN,CA
g0.25,goods,TX,CA
g0.25,goods,UT,CA
g0.25,goods,VA,CA
g0.25,goods,VT,NY
g0.25,goods,WA,CA
g0.25,goods,WI,CA
g0.25,goods,WV,CA
g0.25,goods,WY,CA
g0.25,all_interm,AK,CA
g0.25,all_interm,AL,CA
g0.25,all_interm,AR,CA
g0.25,all_interm,AZ,CA
g0.25,all_interm,CA,NY
g0.25,all_interm,CO,CA
g0.25,all_interm,CT,NY
g0.25,all_interm,DC,NY
g0.25,all_interm,DE,NY
g0.25,all_interm,FL,NY
g0.25,all_interm,GA,CA
g0.25,all_interm,HI,CA
g0.25,all_interm,IA,CA
g0.25,all_interm,ID,CA
g0.25,all_interm,IL,CA
g0.25,all_interm,IN,CA
g0.25,all_interm,KS,CA
g0.25,all_interm,KY,CA
g0.25,all_interm,LA,NY
g0.25,all_interm,MA,NY
g0.25,all_interm,MD,NY
g0.25,all_interm,ME,NY
g0.25,all_interm,MI,CA
g0.25,all_interm,MN,CA
g0.25,all_interm,MO,CA
g0.25,all_interm,MS,CA
g0.25,all_interm,MT,CA
g0.25,all_interm,NC,NY
g0.25,all_interm,ND,CA
g0.25,all_interm,NE,CA
g0.25,all_interm,NH,NY
g0.25,all_interm,NJ,NY
g0.25,all_interm,NM,CA
g0.25,all_interm,NV,CA
g0.25,all_interm,NY,CA
g0.25,all_interm,OH,NY
g0.25,all_interm,OK,TX
g0.25,all_interm,OR,CA
g0.25,all_interm,PA,NY
g0.25,all_interm,RI,NY
g0.25,all_interm,SC,CA
g0.25,all_interm,SD,CA
g0.25,all_interm,TN,CA
g0.25,all_interm,TX,CA
g0.25,all_interm,UT,CA
g0.25,all_interm,VA,NY
g0.25,all_interm,VT,NY
g0.25,all_interm,WA,CA
g0.25,all_interm,WI,CA
g0.25,all_interm,WV,CA
g0.25,all_interm,WY,CA
g0.5,goods,AK,CA
g0.5,goods,AL,FL
g0.5,goods,AR,TX
g0.5,goods,AZ,CA
g0.5,goods,CA,TX
g0.5,goods,CO,CA
g0.5,goods,CT,NY
g0.5,goods,DC,NY
g0.5,goods,DE,NY
g0.5,goods,FL,TX
g0.5,goods,GA,FL
g0.5,goods,HI,CA
g0.5,goods,IA,CA
g0.5,goods,ID,CA
g0.5,goods,IL,CA
g0.5,goods,IN,MI
g0.5,goods,KS,TX
g0.5,goods,KY,CA
g0.5,goods,LA,FL
g0.5,goods,MA,NY
g0.5,goods,MD,NY
g0.5,goods,ME,NY
g0.5,goods,MI,CA
g0.5,goods,MN,CA
g0.5,goods,MO,CA
g0.5,goods,MS,TX
g0.5,goods,MT,CA
g0.5,goods,NC,CA
g0.5,goods,ND,CA
g0.5,goods,NE,CA
g0.5,goods,NH,NY
g0.5,goods,NJ,NY
g0.5,goods,NM,CA
g0.5,goods,NV,CA
g0.5,goods,NY,CA
g0.5,goods,OH,MI
g0.5,goods,OK,TX
g0.5,goods,OR,CA
g0.5,goods,PA,NY
g0.5,goods,RI,NY
g0.5,goods,SC,CA
g0.5,goods,SD,CA
g0.5,goods,TN,TX
g0.5,goods,TX,CA
g0.5,goods,UT,CA
g0.5,goods,VA,NY
g0.5,goods,VT,NY
g0.5,goods,WA,CA
g0.5,goods,WI,CA
g0.5,goods,WV,OH
g0.5,goods,WY,CA
g0.5,all_interm,AK,CA
g0.5,all_interm,AL,FL
g0.5,all_interm,AR,TX
g0.5,all_interm,AZ,CA
g0.5,all_interm,CA,TX
g0.5,all_interm,CO,CA
g0.5,all_interm,CT,NY
g0.5,all_interm,DC,NY
g0.5,all_interm,DE,NY
g0.5,all_interm,FL,CA
g0.5,all_interm,GA,FL
g0.5,all_interm,HI,CA
g0.5,all_interm,IA,CA
g0.5,all_interm,ID,CA
g0.5,all_interm,IL,CA
g0.5,all_interm,IN,CA
g0.5,all_interm,KS,CA
g0.5,all_interm,KY,CA
g0.5,all_interm,LA,TX
g0.5,all_interm,MA,NY
g0.5,all_interm,MD,NY
g0.5,all_interm,ME,NY
g0.5,all_interm,MI,NY
g0.5,all_interm,MN,CA
g0.5,all_interm,MO,CA
g0.5,all_interm,MS,TX
g0.5,all_interm,MT,CA
g0.5,all_interm,NC,NY
g0.5,all_interm,ND,CA
g0.5,all_interm,NE,CA
g0.5,all_interm,NH,NY
g0.5,all_interm,NJ,NY
g0.5,all_interm,NM,CA
g0.5,all_interm,NV,CA
g0.5,all_interm,NY,CA
g0.5,all_interm,OH,NY
g0.5,all_interm,OK,TX
g0.5,all_interm,OR,CA
g0.5,all_interm,PA,NY
g0.5,all_interm,RI,NY
g0.5,all_interm,SC,NY
g0.5,all_interm,SD,CA
g0.5,all_interm,TN,CA
g0.5,all_interm,TX,CA
g0.5,all_interm,UT,CA
g0.5,all_interm,VA,NY
g0.5,all_interm,VT,NY
g0.5,all_interm,WA,CA
g0.5,all_interm,WI,CA
g0.5,all_interm,WV,OH
g0.5,all_interm,WY,CA
g0.75,goods,AK,CA
g0.75,goods,AL,FL
g0.75,goods,AR,TX
g0.75,goods,AZ,CA
g0.75,goods,CA,TX
g0.75,goods,CO,CA
g0.75,goods,CT,NY
g0.75,goods,DC,MD
g0.75,goods,DE,PA
g0.75,goods,FL,TX
g0.75,goods,GA,FL
g0.75,goods,HI,CA
g0.75,goods,IA,CA
g0.75,goods,ID,CA
g0.75,goods,IL,CA
g0.75,goods,IN,MI
g0.75,goods,KS,TX
g0.75,goods,KY,IN
g0.75,goods,LA,FL
g0.75,goods,MA,NY
g0.75,goods,MD,PA
g0.75,goods,ME,NY
g0.75,goods,MI,CA
g0.75,goods,MN,CA
g0.75,goods,MO,TX
g0.75,goods,MS,TX
g0.75,goods,MT,CA
g0.75,goods,NC,FL
g0.75,goods,ND,CA
g0.75,goods,NE,CA
g0.75,goods,NH,NY
g0.75,goods,NJ,NY
g0.75,goods,NM,CA
g0.75,goods,NV,CA
g0.75,goods,NY,MA
g0.75,goods,OH,MI
g0.75,goods,OK,TX
g0.75,goods,OR,CA
g0.75,goods,PA,NY
g0.75,goods,RI,NY
g0.75,goods,SC,FL
g0.75,goods,SD,CA
g0.75,goods,TN,TX
g0.75,goods,TX,CA
g0.75,goods,UT,CA
g0.75,goods,VA,PA
g0.75,goods,VT,NY
g0.75,goods,WA,CA
g0.75,goods,WI,CA
g0.75,goods,WV,OH
g0.75,goods,WY,CA
g0.75,all_interm,AK,CA
g0.75,all_interm,AL,FL
g0.75,all_interm,AR,TX
g0.75,all_interm,AZ,CA
g0.75,all_interm,CA,TX
g0.75,all_interm,CO,CA
g0.75,all_interm,CT,NY
g0.75,all_interm,DC,MD
g0.75,all_interm,DE,NY
g0.75,all_interm,FL,TX
g0.75,all_interm,GA,FL
g0.75,all_interm,HI,CA
g0.75,all_interm,IA,CA
g0.75,all_interm,ID,CA
g0.75,all_interm,IL,CA
g0.75,all_interm,IN,OH
g0.75,all_interm,KS,CA
g0.75,all_interm,KY,OH
g0.75,all_interm,LA,TX
g0.75,all_interm,MA,NY
g0.75,all_interm,MD,NY
g0.75,all_interm,ME,NY
g0.75,all_interm,MI,NY
g0.75,all_interm,MN,CA
g0.75,all_interm,MO,IL
g0.75,all_interm,MS,TX
g0.75,all_interm,MT,CA
g0.75,all_interm,NC,NY
g0.75,all_interm,ND,CA
g0.75,all_interm,NE,CA
g0.75,all_interm,NH,NY
g0.75,all_interm,NJ,NY
g0.75,all_interm,NM,CA
g0.75,all_interm,NV,CA
g0.75,all_interm,NY,MA
g0.75,all_interm,OH,NY
g0.75,all_interm,OK,TX
g0.75,all_interm,OR,CA
g0.75,all_interm,PA,NY
g0.75,all_interm,RI,NY
g0.75,all_interm,SC,FL
g0.75,all_interm,SD,CA
g0.75,all_interm,TN,TX
g0.75,all_interm,TX,CA
g0.75,all_interm,UT,CA
g0.75,all_interm,VA,NY
g0.75,all_interm,VT,NY
g0.75,all_interm,WA,CA
g0.75,all_interm,WI,CA
g0.75,all_interm,WV,OH
g0.75,all_interm,WY,CA
g1.0,goods,AK,CA
g1.0,goods,AL,FL
g1.0,goods,AR,TX
g1.0,goods,AZ,CA
g1.0,goods,CA,TX
g1.0,goods,CO,CA
g1.0,goods,CT,NY
g1.0,goods,DC,MD
g1.0,goods,DE,PA
g1.0,goods,FL,TX
g1.0,goods,GA,FL
g1.0,goods,HI,CA
g1.0,goods,IA,CA
g1.0,goods,ID,CA
g1.0,goods,IL,TX
g1.0,goods,IN,MI
g1.0,goods,KS,TX
g1.0,goods,KY,IN
g1.0,goods,LA,FL
g1.0,goods,MA,NY
g1.0,goods,MD,PA
g1.0,goods,ME,NY
g1.0,goods,MI,OH
g1.0,goods,MN,CA
g1.0,goods,MO,IL
g1.0,goods,MS,TX
g1.0,goods,MT,CA
g1.0,goods,NC,FL
g1.0,goods,ND,CA
g1.0,goods,NE,CA
g1.0,goods,NH,NY
g1.0,goods,NJ,NY
g1.0,goods,NM,CA
g1.0,goods,NV,CA
g1.0,goods,NY,MA
g1.0,goods,OH,MI
g1.0,goods,OK,TX
g1.0,goods,OR,CA
g1.0,goods,PA,NY
g1.0,goods,RI,MA
g1.0,goods,SC,FL
g1.0,goods,SD,CA
g1.0,goods,TN,TX
g1.0,goods,TX,CA
g1.0,goods,UT,CA
g1.0,goods,VA,PA
g1.0,goods,VT,NY
g1.0,goods,WA,CA
g1.0,goods,WI,CA
g1.0,goods,WV,OH
g1.0,goods,WY,CA
g1.0,all_interm,AK,CA
g1.0,all_interm,AL,FL
g1.0,all_interm,AR,TX
g1.0,all_interm,AZ,CA
g1.0,all_interm,CA,NV
g1.0,all_interm,CO,CA
g1.0,all_interm,CT,NY
g1.0,all_interm,DC,MD
g1.0,all_interm,DE,NY
g1.0,all_interm,FL,GA
g1.0,all_interm,GA,FL
g1.0,all_interm,HI,CA
g1.0,all_interm,IA,IL
g1.0,all_interm,ID,CA
g1.0,all_interm,IL,TX
g1.0,all_interm,IN,OH
g1.0,all_interm,KS,TX
g1.0,all_interm,KY,OH
g1.0,all_interm,LA,TX
g1.0,all_interm,MA,NY
g1.0,all_interm,MD,PA
g1.0,all_interm,ME,NY
g1.0,all_interm,MI,OH
g1.0,all_interm,MN,CA
g1.0,all_interm,MO,IL
g1.0,all_interm,MS,TX
g1.0,all_interm,MT,CA
g1.0,all_interm,NC,VA
g1.0,all_interm,ND,CA
g1.0,all_interm,NE,CA
g1.0,all_interm,NH,NY
g1.0,all_interm,NJ,NY
g1.0,all_interm,NM,CA
g1.0,all_interm,NV,CA
g1.0,all_interm,NY,MA
g1.0,all_interm,OH,MI
g1.0,all_interm,OK,TX
g1.0,all_interm,OR,CA
g1.0,all_interm,PA,NY
g1.0,all_interm,RI,NY
g1.0,all_interm,SC,FL
g1.0,all_interm,SD,CA
g1.0,all_interm,TN,GA
g1.0,all_interm,TX,CA
g1.0,all_interm,UT,CA
g1.0,all_interm,VA,NY
g1.0,all_interm,VT,NY
g1.0,all_interm,WA,CA
g1.0,all_interm,WI,IL
g1.0,all_interm,WV,OH
g1.0,all_interm,WY,CA
g1.25,goods,AK,CA
g1.25,goods,AL,FL
g1.25,goods,AR,TX
g1.25,goods,AZ,CA
g1.25,goods,CA,TX
g1.25,goods,CO,CA
g1.25,goods,CT,NY
g1.25,goods,DC,MD
g1.25,goods,DE,PA
g1.25,goods,FL,GA
g1.25,goods,GA,FL
g1.25,goods,HI,CA
g1.25,goods,IA,IL
g1.25,goods,ID,CA
g1.25,goods,IL,IN
g1.25,goods,IN,MI
g1.25,goods,KS,TX
g1.25,goods,KY,IN
g1.25,goods,LA,FL
g1.25,goods,MA,NY
g1.25,goods,MD,PA
g1.25,goods,ME,NY
g1.25,goods,MI,OH
g1.25,goods,MN,CA
g1.25,goods,MO,IL
g1.25,goods,MS,TX
g1.25,goods,MT,CA
g1.25,goods,NC,VA
g1.25,goods,ND,CA
g1.25,goods,NE,TX
g1.25,goods,NH,MA
g1.25,goods,NJ,NY
g1.25,goods,NM,CA
g1.25,goods,NV,CA
g1.25,goods,NY,MA
g1.25,goods,OH,MI
g1.25,goods,OK,TX
g1.25,goods,OR,CA
g1.25,goods,PA,NY
g1.25,goods,RI,MA
g1.25,goods,SC,NC
g1.25,goods,SD,CA
g1.25,goods,TN,TX
g1.25,goods,TX,CA
g1.25,goods,UT,CA
g1.25,goods,VA,NC
g1.25,goods,VT,NY
g1.25,goods,WA,CA
g1.25,goods,WI,MI
g1.25,goods,WV,OH
g1.25,goods,WY,CO
g1.25,all_interm,AK,CA
g1.25,all_interm,AL,FL
g1.25,all_interm,AR,TX
g1.25,all_interm,AZ,CA
g1.25,all_interm,CA,NV
g1.25,all_interm,CO,CA
g1.25,all_interm,CT,NY
g1.25,all_interm,DC,MD
g1.25,all_interm,DE,NY
g1.25,all_interm,FL,GA
g1.25,all_interm,GA,FL
g1.25,all_interm,HI,CA
g1.25,all_interm,IA,IL
g1.25,all_interm,ID,CA
g1.25,all_interm,IL,IN
g1.25,all_interm,IN,OH
g1.25,all_interm,KS,TX
g1.25,all_interm,KY,OH
g1.25,all_interm,LA,TX
g1.25,all_interm,MA,NY
g1.25,all_interm,MD,PA
g1.25,all_interm,ME,NY
g1.25,all_interm,MI,OH
g1.25,all_interm,MN,CA
g1.25,all_interm,MO,IL
g1.25,all_interm,MS,TX
g1.25,all_interm,MT,CA
g1.25,all_interm,NC,VA
g1.25,all_interm,ND,CA
g1.25,all_interm,NE,CA
g1.25,all_interm,NH,NY
g1.25,all_interm,NJ,NY
g1.25,all_interm,NM,CA
g1.25,all_interm,NV,CA
g1.25,all_interm,NY,MA
g1.25,all_interm,OH,MI
g1.25,all_interm,OK,TX
g1.25,all_interm,OR,CA
g1.25,all_interm,PA,NY
g1.25,all_interm,RI,MA
g1.25,all_interm,SC,NC
g1.25,all_interm,SD,CA
g1.25,all_interm,TN,GA
g1.25,all_interm,TX,CA
g1.25,all_interm,UT,CA
g1.25,all_interm,VA,NC
g1.25,all_interm,VT,NY
g1.25,all_interm,WA,CA
g1.25,all_interm,WI,IL
g1.25,all_interm,WV,OH
g1.25,all_interm,WY,CO
g1.5,goods,AK,CA
g1.5,goods,AL,FL
g1.5,goods,AR,TX
g1.5,goods,AZ,CA
g1.5,goods,CA,TX
g1.5,goods,CO,CA
g1.5,goods,CT,NY
g1.5,goods,DC,MD
g1.5,goods,DE,PA
g1.5,goods,FL,GA
g1.5,goods,GA,FL
g1.5,goods,HI,CA
g1.5,goods,IA,IL
g1.5,goods,ID,CA
g1.5,goods,IL,IN
g1.5,goods,IN,MI
g1.5,goods,KS,TX
g1.5,goods,KY,IN
g1.5,goods,LA,FL
g1.5,goods,MA,NY
g1.5,goods,MD,PA
g1.5,goods,ME,NY
g1.5,goods,MI,OH
g1.5,goods,MN,CA
g1.5,goods,MO,IL
g1.5,goods,MS,TX
g1.5,goods,MT,CA
g1.5,goods,NC,VA
g1.5,goods,ND,CA
g1.5,goods,NE,TX
g1.5,goods,NH,MA
g1.5,goods,NJ,NY
g1.5,goods,NM,CA
g1.5,goods,NV,CA
g1.5,goods,NY,MA
g1.5,goods,OH,MI
g1.5,goods,OK,TX
g1.5,goods,OR,CA
g1.5,goods,PA,NY
g1.5,goods,RI,MA
g1.5,goods,SC,NC
g1.5,goods,SD,CA
g1.5,goods,TN,TX
g1.5,goods,TX,CA
g1.5,goods,UT,CA
g1.5,goods,VA,NC
g1.5,goods,VT,NY
g1.5,goods,WA,CA
g1.5,goods,WI,MI
g1.5,goods,WV,OH
g1.5,goods,WY,CO
g1.5,all_interm,AK,CA
g1.5,all_interm,AL,FL
g1.5,all_interm,AR,TX
g1.5,all_interm,AZ,CA
g1.5,all_interm,CA,NV
g1.5,all_interm,CO,CA
g1.5,all_interm,CT,NY
g1.5,all_interm,DC,MD
g1.5,all_interm,DE,NY
g1.5,all_interm,FL,GA
g1.5,all_interm,GA,FL
g1.5,all_interm,HI,CA
g1.5,all_interm,IA,IL
g1.5,all_interm,ID,CA
g1.5,all_interm,IL,MO
g1.5,all_interm,IN,OH
g1.5,all_interm,KS,TX
g1.5,all_interm,KY,OH
g1.5,all_interm,LA,TX
g1.5,all_interm,MA,NY
g1.5,all_interm,MD,PA
g1.5,all_interm,ME,NY
g1.5,all_interm,MI,OH
g1.5,all_interm,MN,WI
g1.5,all_interm,MO,IL
g1.5,all_interm,MS,TX
g1.5,all_interm,MT,CA
g1.5,all_interm,NC,VA
g1.5,all_interm,ND,CA
g1.5,all_interm,NE,CA
g1.5,all_interm,NH,NY
g1.5,all_interm,NJ,NY
g1.5,all_interm,NM,CA
g1.5,all_interm,NV,CA
g1.5,all_interm,NY,MA
g1.5,all_interm,OH,MI
g1.5,all_interm,OK,TX
g1.5,all_interm,OR,CA
g1.5,all_interm,PA,NY
g1.5,all_interm,RI,MA
g1.5,all_interm,SC,NC
g1.5,all_interm,SD,CA
g1.5,all_interm,TN,GA
g1.5,all_interm,TX,CA
g1.5,all_interm,UT,CA
g1.5,all_interm,VA,NC
g1.5,all_interm,VT,NY
g1.5,all_interm,WA,CA
g1.5,all_interm,WI,IL
g1.5,all_interm,WV,OH
g1.5,all_interm,WY,CO
g2.0,goods,AK,CA
g2.0,goods,AL,FL
g2.0,goods,AR,TX
g2.0,goods,AZ,CA
g2.0,goods,CA,TX
g2.0,goods,CO,CA
g2.0,goods,CT,NY
g2.0,goods,DC,MD
g2.0,goods,DE,MD
g2.0,goods,FL,GA
g2.0,goods,GA,FL
g2.0,goods,HI,CA
g2.0,goods,IA,IL
g2.0,goods,ID,CA
g2.0,goods,IL,IN
g2.0,goods,IN,MI
g2.0,goods,KS,TX
g2.0,goods,KY,IN
g2.0,goods,LA,FL
g2.0,goods,MA,NY
g2.0,goods,MD,PA
g2.0,goods,ME,NY
g2.0,goods,MI,OH
g2.0,goods,MN,WI
g2.0,goods,MO,IL
g2.0,goods,MS,TX
g2.0,goods,MT,CA
g2.0,goods,NC,VA
g2.0,goods,ND,CA
g2.0,goods,NE,KS
g2.0,goods,NH,MA
g2.0,goods,NJ,NY
g2.0,goods,NM,CA
g2.0,goods,NV,CA
g2.0,goods,NY,MA
g2.0,goods,OH,MI
g2.0,goods,OK,TX
g2.0,goods,OR,CA
g2.0,goods,PA,NJ
g2.0,goods,RI,MA
g2.0,goods,SC,NC
g2.0,goods,SD,CA
g2.0,goods,TN,GA
g2.0,goods,TX,CA
g2.0,goods,UT,CA
g2.0,goods,VA,NC
g2.0,goods,VT,NY
g2.0,goods,WA,CA
g2.0,goods,WI,MI
g2.0,goods,WV,OH
g2.0,goods,WY,CO
g2.0,all_interm,AK,CA
g2.0,all_interm,AL,FL
g2.0,all_interm,AR,TX
g2.0,all_interm,AZ,CA
g2.0,all_interm,CA,NV
g2.0,all_interm,CO,CA
g2.0,all_interm,CT,NY
g2.0,all_interm,DC,MD
g2.0,all_interm,DE,MD
g2.0,all_interm,FL,GA
g2.0,all_interm,GA,FL
g2.0,all_interm,HI,CA
g2.0,all_interm,IA,IL
g2.0,all_interm,ID,CA
g2.0,all_interm,IL,MO
g2.0,all_interm,IN,OH
g2.0,all_interm,KS,TX
g2.0,all_interm,KY,OH
g2.0,all_interm,LA,TX
g2.0,all_interm,MA,NY
g2.0,all_interm,MD,DC
g2.0,all_interm,ME,NY
g2.0,all_interm,MI,OH
g2.0,all_interm,MN,WI
g2.0,all_interm,MO,IL
g2.0,all_interm,MS,TX
g2.0,all_interm,MT,CA
g2.0,all_interm,NC,VA
g2.0,all_interm,ND,CA
g2.0,all_interm,NE,KS
g2.0,all_interm,NH,NY
g2.0,all_interm,NJ,NY
g2.0,all_interm,NM,CA
g2.0,all_interm,NV,CA
g2.0,all_interm,NY,MA
g2.0,all_interm,OH,MI
g2.0,all_interm,OK,TX
g2.0,all_interm,OR,WA
g2.0,all_interm,PA,NY
g2.0,all_interm,RI,MA
g2.0,all_interm,SC,NC
g2.0,all_interm,SD,CA
g2.0,all_interm,TN,GA
g2.0,all_interm,TX,CA
g2.0,all_interm,UT,CA
g2.0,all_interm,VA,NC
g2.0,all_interm,VT,NY
g2.0,all_interm,WA,CA
g2.0,all_interm,WI,IL
g2.0,all_interm,WV,OH
g2.0,all_interm,WY,CO
g2.5,goods,AK,CA
g2.5,goods,AL,FL
g2.5,goods,AR,TX
g2.5,goods,AZ,CA
g2.5,goods,CA,TX
g2.5,goods,CO,CA
g2.5,goods,CT,NY
g2.5,goods,DC,MD
g2.5,goods,DE,MD
g2.5,goods,FL,GA
g2.5,goods,GA,FL
g2.5,goods,HI,CA
g2.5,goods,IA,IL
g2.5,goods,ID,CA
g2.5,goods,IL,MO
g2.5,goods,IN,MI
g2.5,goods,KS,TX
g2.5,goods,KY,IN
g2.5,goods,LA,FL
g2.5,goods,MA,NY
g2.5,goods,MD,PA
g2.5,goods,ME,MA
g2.5,goods,MI,OH
g2.5,goods,MN,WI
g2.5,goods,MO,IL
g2.5,goods,MS,TX
g2.5,goods,MT,CA
g2.5,goods,NC,VA
g2.5,goods,ND,CA
g2.5,goods,NE,KS
g2.5,goods,NH,MA
g2.5,goods,NJ,PA
g2.5,goods,NM,CA
g2.5,goods,NV,CA
g2.5,goods,NY,MA
g2.5,goods,OH,MI
g2.5,goods,OK,TX
g2.5,goods,OR,CA
g2.5,goods,PA,NJ
g2.5,goods,RI,MA
g2.5,goods,SC,NC
g2.5,goods,SD,CA
g2.5,goods,TN,GA
g2.5,goods,TX,CA
g2.5,goods,UT,CA
g2.5,goods,VA,NC
g2.5,goods,VT,NY
g2.5,goods,WA,CA
g2.5,goods,WI,MI
g2.5,goods,WV,OH
g2.5,goods,WY,CO
g2.5,all_interm,AK,CA
g2.5,all_interm,AL,FL
g2.5,all_interm,AR,TX
g2.5,all_interm,AZ,CA
g2.5,all_interm,CA,NV
g2.5,all_interm,CO,CA
g2.5,all_interm,CT,NY
g2.5,all_interm,DC,MD
g2.5,all_interm,DE,MD
g2.5,all_interm,FL,GA
g2.5,all_interm,GA,FL
g2.5,all_interm,HI,CA
g2.5,all_interm,IA,IL
g2.5,all_interm,ID,CA
g2.5,all_interm,IL,MO
g2.5,all_interm,IN,OH
g2.5,all_interm,KS,NE
g2.5,all_interm,KY,OH
g2.5,all_interm,LA,TX
g2.5,all_interm,MA,NY
g2.5,all_interm,MD,DC
g2.5,all_interm,ME,NY
g2.5,all_interm,MI,OH
g2.5,all_interm,MN,WI
g2.5,all_interm,MO,IL
g2.5,all_interm,MS,LA
g2.5,all_interm,MT,CA
g2.5,all_interm,NC,VA
g2.5,all_interm,ND,CA
g2.5,all_interm,NE,KS
g2.5,all_interm,NH,NY
g2.5,all_interm,NJ,NY
g2.5,all_interm,NM,CA
g2.5,all_interm,NV,CA
g2.5,all_interm,NY,MA
g2.5,all_interm,OH,MI
g2.5,all_interm,OK,TX
g2.5,all_interm,OR,WA
g2.5,all_interm,PA,NY
g2.5,all_interm,RI,MA
g2.5,all_interm,SC,NC
g2.5,all_interm,SD,ND
g2.5,all_interm,TN,GA
g2.5,all_interm,TX,CA
g2.5,all_interm,UT,CA
g2.5,all_interm,VA,NC
g2.5,all_interm,VT,NY
g2.5,all_interm,WA,CA
g2.5,all_interm,WI,IL
g2.5,all_interm,WV,OH
g2.5,all_interm,WY,CO
g3.0,goods,AK,CA
g3.0,goods,AL,FL
g3.0,goods,AR,TX
g3.0,goods,AZ,CA
g3.0,goods,CA,WA
g3.0,goods,CO,CA
g3.0,goods,CT,NY
g3.0,goods,DC,MD
g3.0,goods,DE,MD
g3.0,goods,FL,GA
g3.0,goods,GA,FL
g3.0,goods,HI,CA
g3.0,goods,IA,IL
g3.0,goods,ID,CA
g3.0,goods,IL,MO
g3.0,goods,IN,MI
g3.0,goods,KS,TX
g3.0,goods,KY,IN
g3.0,goods,LA,FL
g3.0,goods,MA,NY
g3.0,goods,MD,PA
g3.0,goods,ME,MA
g3.0,goods,MI,OH
g3.0,goods,MN,WI
g3.0,goods,MO,IL
g3.0,goods,MS,LA
g3.0,goods,MT,CA
g3.0,goods,NC,VA
g3.0,goods,ND,CA
g3.0,goods,NE,KS
g3.0,goods,NH,MA
g3.0,goods,NJ,PA
g3.0,goods,NM,CA
g3.0,goods,NV,CA
g3.0,goods,NY,MA
g3.0,goods,OH,MI
g3.0,goods,OK,TX
g3.0,goods,OR,CA
g3.0,goods,PA,NJ
g3.0,goods,RI,MA
g3.0,goods,SC,NC
g3.0,goods,SD,ND
g3.0,goods,TN,GA
g3.0,goods,TX,CA
g3.0,goods,UT,CA
g3.0,goods,VA,NC
g3.0,goods,VT,NY
g3.0,goods,WA,CA
g3.0,goods,WI,MI
g3.0,goods,WV,OH
g3.0,goods,WY,CO
g3.0,all_interm,AK,CA
g3.0,all_interm,AL,FL
g3.0,all_interm,AR,TX
g3.0,all_interm,AZ,CA
g3.0,all_interm,CA,NV
g3.0,all_interm,CO,CA
g3.0,all_interm,CT,NY
g3.0,all_interm,DC,MD
g3.0,all_interm,DE,MD
g3.0,all_interm,FL,GA
g3.0,all_interm,GA,FL
g3.0,all_interm,HI,CA
g3.0,all_interm,IA,MN
g3.0,all_interm,ID,CA
g3.0,all_interm,IL,MO
g3.0,all_interm,IN,OH
g3.0,all_interm,KS,NE
g3.0,all_interm,KY,OH
g3.0,all_interm,LA,TX
g3.0,all_interm,MA,NY
g3.0,all_interm,MD,DC
g3.0,all_interm,ME,NY
g3.0,all_interm,MI,OH
g3.0,all_interm,MN,WI
g3.0,all_interm,MO,IL
g3.0,all_interm,MS,LA
g3.0,all_interm,MT,CA
g3.0,all_interm,NC,VA
g3.0,all_interm,ND,SD
g3.0,all_interm,NE,KS
g3.0,all_interm,NH,NY
g3.0,all_interm,NJ,NY
g3.0,all_interm,NM,TX
g3.0,all_interm,NV,CA
g3.0,all_interm,NY,MA
g3.0,all_interm,OH,MI
g3.0,all_interm,OK,TX
g3.0,all_interm,OR,WA
g3.0,all_interm,PA,NJ
g3.0,all_interm,RI,MA
g3.0,all_interm,SC,NC
g3.0,all_interm,SD,ND
g3.0,all_interm,TN,GA
g3.0,all_interm,TX,CA
g3.0,all_interm,UT,CA
g3.0,all_interm,VA,NC
g3.0,all_interm,VT,NY
g3.0,all_interm,WA,CA
g3.0,all_interm,WI,MN
g3.0,all_interm,WV,OH
g3.0,all_interm,WY,CO
scen_economic,goods,AK,CA
scen_economic,goods,AL,FL
scen_economic,goods,AR,TX
scen_economic,goods,AZ,CA
scen_economic,goods,CA,TX
scen_economic,goods,CO,CA
scen_economic,goods,CT,NY
scen_economic,goods,DC,MD
scen_economic,goods,DE,MD
scen_economic,goods,FL,GA
scen_economic,goods,GA,FL
scen_economic,goods,HI,CA
scen_economic,goods,IA,IL
scen_economic,goods,ID,CA
scen_economic,goods,IL,MO
scen_economic,goods,IN,MI
scen_economic,goods,KS,TX
scen_economic,goods,KY,IN
scen_economic,goods,LA,FL
scen_economic,goods,MA,NY
scen_economic,goods,MD,PA
scen_economic,goods,ME,MA
scen_economic,goods,MI,OH
scen_economic,goods,MN,WI
scen_economic,goods,MO,IL
scen_economic,goods,MS,TX
scen_economic,goods,MT,CA
scen_economic,goods,NC,VA
scen_economic,goods,ND,CA
scen_economic,goods,NE,KS
scen_economic,goods,NH,MA
scen_economic,goods,NJ,PA
scen_economic,goods,NM,CA
scen_economic,goods,NV,CA
scen_economic,goods,NY,MA
scen_economic,goods,OH,MI
scen_economic,goods,OK,TX
scen_economic,goods,OR,CA
scen_economic,goods,PA,NJ
scen_economic,goods,RI,MA
scen_economic,goods,SC,NC
scen_economic,goods,SD,CA
scen_economic,goods,TN,GA
scen_economic,goods,TX,CA
scen_economic,goods,UT,CA
scen_economic,goods,VA,NC
scen_economic,goods,VT,NY
scen_economic,goods,WA,CA
scen_economic,goods,WI,MI
scen_economic,goods,WV,OH
scen_economic,goods,WY,CO
scen_economic,all_interm,AK,CA
scen_economic,all_interm,AL,FL
scen_economic,all_interm,AR,TX
scen_economic,all_interm,AZ,CA
scen_economic,all_interm,CA,TX
scen_economic,all_interm,CO,CA
scen_economic,all_interm,CT,NY
scen_economic,all_interm,DC,NY
scen_economic,all_interm,DE,NY
scen_economic,all_interm,FL,NY
scen_economic,all_interm,GA,FL
scen_economic,all_interm,HI,CA
scen_economic,all_interm,IA,CA
scen_economic,all_interm,ID,CA
scen_economic,all_interm,IL,CA
scen_economic,all_interm,IN,OH
scen_economic,all_interm,KS,TX
scen_economic,all_interm,KY,IN
scen_economic,all_interm,LA,TX
scen_economic,all_interm,MA,NY
scen_economic,all_interm,MD,NY
scen_economic,all_interm,ME,NY
scen_economic,all_interm,MI,OH
scen_economic,all_interm,MN,CA
scen_economic,all_interm,MO,IL
scen_economic,all_interm,MS,TX
scen_economic,all_interm,MT,CA
scen_economic,all_interm,NC,VA
scen_economic,all_interm,ND,CA
scen_economic,all_interm,NE,CA
scen_economic,all_interm,NH,NY
scen_economic,all_interm,NJ,NY
scen_economic,all_interm,NM,CA
scen_economic,all_interm,NV,CA
scen_economic,all_interm,NY,CA
scen_economic,all_interm,OH,MI
scen_economic,all_interm,OK,TX
scen_economic,all_interm,OR,CA
scen_economic,all_interm,PA,NY
scen_economic,all_interm,RI,MA
scen_economic,all_interm,SC,NC
scen_economic,all_interm,SD,CA
scen_economic,all_interm,TN,GA
scen_economic,all_interm,TX,CA
scen_economic,all_interm,UT,CA
scen_economic,all_interm,VA,NY
scen_economic,all_interm,VT,NY
scen_economic,all_interm,WA,CA
scen_economic,all_interm,WI,IL
scen_economic,all_interm,WV,OH
scen_economic,all_interm,WY,CO
scen_structured_rand,goods,AK,CA
scen_structured_rand,goods,AL,FL
scen_structured_rand,goods,AR,TX
scen_structured_rand,goods,AZ,CA
scen_structured_rand,goods,CA,WA
scen_structured_rand,goods,CO,CA
scen_structured_rand,goods,CT,NY
scen_structured_rand,goods,DC,MD
scen_structured_rand,goods,DE,MD
scen_structured_rand,goods,FL,GA
scen_structured_rand,goods,GA,FL
scen_structured_rand,goods,HI,CA
scen_structured_rand,goods,IA,IL
scen_structured_rand,goods,ID,CA
scen_structured_rand,goods,IL,MO
scen_structured_rand,goods,IN,MI
scen_structured_rand,goods,KS,TX
scen_structured_rand,goods,KY,IN
scen_structured_rand,goods,LA,FL
scen_structured_rand,goods,MA,NY
scen_structured_rand,goods,MD,PA
scen_structured_rand,goods,ME,MA
scen_structured_rand,goods,MI,OH
scen_structured_rand,goods,MN,WI
scen_structured_rand,goods,MO,IL
scen_structured_rand,goods,MS,TX
scen_structured_rand,goods,MT,CA
scen_structured_rand,goods,NC,VA
scen_structured_rand,goods,ND,CA
scen_structured_rand,goods,NE,KS
scen_structured_rand,goods,NH,MA
scen_structured_rand,goods,NJ,PA
scen_structured_rand,goods,NM,CA
scen_structured_rand,goods,NV,CA
scen_structured_rand,goods,NY,MA
scen_structured_rand,goods,OH,MI
scen_structured_rand,goods,OK,TX
scen_structured_rand,goods,OR,CA
scen_structured_rand,goods,PA,NJ
scen_structured_rand,goods,RI,MA
scen_structured_rand,goods,SC,NC
scen_structured_rand,goods,SD,ND
scen_structured_rand,goods,TN,GA
scen_structured_rand,goods,TX,CA
scen_structured_rand,goods,UT,CA
scen_structured_rand,goods,VA,NC
scen_structured_rand,goods,VT,NY
scen_structured_rand,goods,WA,CA
scen_structured_rand,goods,WI,MI
scen_structured_rand,goods,WV,OH
scen_structured_rand,goods,WY,CO
scen_structured_rand,all_interm,AK,CA
scen_structured_rand,all_interm,AL,FL
scen_structured_rand,all_interm,AR,TX
scen_structured_rand,all_interm,AZ,CA
scen_structured_rand,all_interm,CA,TX
scen_structured_rand,all_interm,CO,CA
scen_structured_rand,all_interm,CT,NY
scen_structured_rand,all_interm,DC,NY
scen_structured_rand,all_interm,DE,NY
scen_structured_rand,all_interm,FL,GA
scen_structured_rand,all_interm,GA,FL
scen_structured_rand,all_interm,HI,CA
scen_structured_rand,all_interm,IA,IL
scen_structured_rand,all_interm,ID,CA
scen_structured_rand,all_interm,IL,CA
scen_structured_rand,all_interm,IN,OH
scen_structured_rand,all_interm,KS,TX
scen_structured_rand,all_interm,KY,IN
scen_structured_rand,all_interm,LA,TX
scen_structured_rand,all_interm,MA,NY
scen_structured_rand,all_interm,MD,PA
scen_structured_rand,all_interm,ME,NY
scen_structured_rand,all_interm,MI,OH
scen_structured_rand,all_interm,MN,CA
scen_structured_rand,all_interm,MO,IL
scen_structured_rand,all_interm,MS,TX
scen_structured_rand,all_interm,MT,CA
scen_structured_rand,all_interm,NC,VA
scen_structured_rand,all_interm,ND,CA
scen_structured_rand,all_interm,NE,CA
scen_structured_rand,all_interm,NH,NY
scen_structured_rand,all_interm,NJ,NY
scen_structured_rand,all_interm,NM,CA
scen_structured_rand,all_interm,NV,CA
scen_structured_rand,all_interm,NY,CA
scen_structured_rand,all_interm,OH,MI
scen_structured_rand,all_interm,OK,TX
scen_structured_rand,all_interm,OR,CA
scen_structured_rand,all_interm,PA,NY
scen_structured_rand,all_interm,RI,MA
scen_structured_rand,all_interm,SC,NC
scen_structured_rand,all_interm,SD,CA
scen_structured_rand,all_interm,TN,GA
scen_structured_rand,all_interm,TX,CA
scen_structured_rand,all_interm,UT,CA
scen_structured_rand,all_interm,VA,NY
scen_structured_rand,all_interm,VT,NY
scen_structured_rand,all_interm,WA,CA
scen_structured_rand,all_interm,WI,IL
scen_structured_rand,all_interm,WV,OH
scen_structured_rand,all_interm,WY,CO
scen_random_0,goods,AK,CA
scen_random_0,goods,AL,FL
scen_random_0,goods,AR,TX
scen_random_0,goods,AZ,CA
scen_random_0,goods,CA,TX
scen_random_0,goods,CO,CA
scen_random_0,goods,CT,NY
scen_random_0,goods,DC,MD
scen_random_0,goods,DE,MD
scen_random_0,goods,FL,GA
scen_random_0,goods,GA,FL
scen_random_0,goods,HI,CA
scen_random_0,goods,IA,IL
scen_random_0,goods,ID,CA
scen_random_0,goods,IL,IN
scen_random_0,goods,IN,OH
scen_random_0,goods,KS,TX
scen_random_0,goods,KY,OH
scen_random_0,goods,LA,FL
scen_random_0,goods,MA,NY
scen_random_0,goods,MD,PA
scen_random_0,goods,ME,NY
scen_random_0,goods,MI,OH
scen_random_0,goods,MN,WI
scen_random_0,goods,MO,IL
scen_random_0,goods,MS,TX
scen_random_0,goods,MT,CA
scen_random_0,goods,NC,VA
scen_random_0,goods,ND,CA
scen_random_0,goods,NE,CA
scen_random_0,goods,NH,MA
scen_random_0,goods,NJ,PA
scen_random_0,goods,NM,CA
scen_random_0,goods,NV,CA
scen_random_0,goods,NY,MA
scen_random_0,goods,OH,MI
scen_random_0,goods,OK,TX
scen_random_0,goods,OR,CA
scen_random_0,goods,PA,NJ
scen_random_0,goods,RI,MA
scen_random_0,goods,SC,NC
scen_random_0,goods,SD,CA
scen_random_0,goods,TN,TX
scen_random_0,goods,TX,LA
scen_random_0,goods,UT,CA
scen_random_0,goods,VA,NC
scen_random_0,goods,VT,NY
scen_random_0,goods,WA,CA
scen_random_0,goods,WI,MI
scen_random_0,goods,WV,OH
scen_random_0,goods,WY,CO
scen_random_0,all_interm,AK,CA
scen_random_0,all_interm,AL,FL
scen_random_0,all_interm,AR,TX
scen_random_0,all_interm,AZ,CA
scen_random_0,all_interm,CA,NV
scen_random_0,all_interm,CO,CA
scen_random_0,all_interm,CT,NY
scen_random_0,all_interm,DC,MD
scen_random_0,all_interm,DE,MD
scen_random_0,all_interm,FL,GA
scen_random_0,all_interm,GA,FL
scen_random_0,all_interm,HI,CA
scen_random_0,all_interm,IA,IL
scen_random_0,all_interm,ID,CA
scen_random_0,all_interm,IL,MO
scen_random_0,all_interm,IN,OH
scen_random_0,all_interm,KS,NE
scen_random_0,all_interm,KY,OH
scen_random_0,all_interm,LA,TX
scen_random_0,all_interm,MA,NY
scen_random_0,all_interm,MD,DC
scen_random_0,all_interm,ME,NY
scen_random_0,all_interm,MI,OH
scen_random_0,all_interm,MN,WI
scen_random_0,all_interm,MO,IL
scen_random_0,all_interm,MS,TX
scen_random_0,all_interm,MT,CA
scen_random_0,all_interm,NC,VA
scen_random_0,all_interm,ND,CA
scen_random_0,all_interm,NE,KS
scen_random_0,all_interm,NH,NY
scen_random_0,all_interm,NJ,NY
scen_random_0,all_interm,NM,CA
scen_random_0,all_interm,NV,CA
scen_random_0,all_interm,NY,MA
scen_random_0,all_interm,OH,MI
scen_random_0,all_interm,OK,TX
scen_random_0,all_interm,OR,CA
scen_random_0,all_interm,PA,NY
scen_random_0,all_interm,RI,MA
scen_random_0,all_interm,SC,NC
scen_random_0,all_interm,SD,CA
scen_random_0,all_interm,TN,GA
scen_random_0,all_interm,TX,CA
scen_random_0,all_interm,UT,CA
scen_random_0,all_interm,VA,NC
scen_random_0,all_interm,VT,NY
scen_random_0,all_interm,WA,CA
scen_random_0,all_interm,WI,IL
scen_random_0,all_interm,WV,OH
scen_random_0,all_interm,WY,CO
scen_random_1,goods,AK,CA
scen_random_1,goods,AL,FL
scen_random_1,goods,AR,TX
scen_random_1,goods,AZ,CA
scen_random_1,goods,CA,TX
scen_random_1,goods,CO,CA
scen_random_1,goods,CT,NY
scen_random_1,goods,DC,MD
scen_random_1,goods,DE,PA
scen_random_1,goods,FL,GA
scen_random_1,goods,GA,FL
scen_random_1,goods,HI,CA
scen_random_1,goods,IA,IL
scen_random_1,goods,ID,CA
scen_random_1,goods,IL,TX
scen_random_1,goods,IN,MI
scen_random_1,goods,KS,TX
scen_random_1,goods,KY,IN
scen_random_1,goods,LA,FL
scen_random_1,goods,MA,NY
scen_random_1,goods,MD,PA
scen_random_1,goods,ME,NY
scen_random_1,goods,MI,OH
scen_random_1,goods,MN,CA
scen_random_1,goods,MO,IL
scen_random_1,goods,MS,TX
scen_random_1,goods,MT,CA
scen_random_1,goods,NC,VA
scen_random_1,goods,ND,CA
scen_random_1,goods,NE,TX
scen_random_1,goods,NH,MA
scen_random_1,goods,NJ,NY
scen_random_1,goods,NM,TX
scen_random_1,goods,NV,CA
scen_random_1,goods,NY,MA
scen_random_1,goods,OH,MI
scen_random_1,goods,OK,TX
scen_random_1,goods,OR,CA
scen_random_1,goods,PA,NY
scen_random_1,goods,RI,MA
scen_random_1,goods,SC,NC
scen_random_1,goods,SD,CA
scen_random_1,goods,TN,TX
scen_random_1,goods,TX,CA
scen_random_1,goods,UT,CA
scen_random_1,goods,VA,NC
scen_random_1,goods,VT,NY
scen_random_1,goods,WA,CA
scen_random_1,goods,WI,MI
scen_random_1,goods,WV,OH
scen_random_1,goods,WY,CO
scen_random_1,all_interm,AK,CA
scen_random_1,all_interm,AL,FL
scen_random_1,all_interm,AR,TX
scen_random_1,all_interm,AZ,CA
scen_random_1,all_interm,CA,TX
scen_random_1,all_interm,CO,CA
scen_random_1,all_interm,CT,NY
scen_random_1,all_interm,DC,MD
scen_random_1,all_interm,DE,NY
scen_random_1,all_interm,FL,GA
scen_random_1,all_interm,GA,FL
scen_random_1,all_interm,HI,CA
scen_random_1,all_interm,IA,IL
scen_random_1,all_interm,ID,CA
scen_random_1,all_interm,IL,MO
scen_random_1,all_interm,IN,OH
scen_random_1,all_interm,KS,TX
scen_random_1,all_interm,KY,OH
scen_random_1,all_interm,LA,TX
scen_random_1,all_interm,MA,NY
scen_random_1,all_interm,MD,PA
scen_random_1,all_interm,ME,NY
scen_random_1,all_interm,MI,OH
scen_random_1,all_interm,MN,CA
scen_random_1,all_interm,MO,IL
scen_random_1,all_interm,MS,TX
scen_random_1,all_interm,MT,CA
scen_random_1,all_interm,NC,VA
scen_random_1,all_interm,ND,CA
scen_random_1,all_interm,NE,CA
scen_random_1,all_interm,NH,NY
scen_random_1,all_interm,NJ,NY
scen_random_1,all_interm,NM,CA
scen_random_1,all_interm,NV,CA
scen_random_1,all_interm,NY,MA
scen_random_1,all_interm,OH,MI
scen_random_1,all_interm,OK,TX
scen_random_1,all_interm,OR,CA
scen_random_1,all_interm,PA,NY
scen_random_1,all_interm,RI,MA
scen_random_1,all_interm,SC,NC
scen_random_1,all_interm,SD,CA
scen_random_1,all_interm,TN,GA
scen_random_1,all_interm,TX,CA
scen_random_1,all_interm,UT,CA
scen_random_1,all_interm,VA,NC
scen_random_1,all_interm,VT,NY
scen_random_1,all_interm,WA,CA
scen_random_1,all_interm,WI,IL
scen_random_1,all_interm,WV,OH
scen_random_1,all_interm,WY,CO
scen_random_2,goods,AK,CA
scen_random_2,goods,AL,FL
scen_random_2,goods,AR,TX
scen_random_2,goods,AZ,CA
scen_random_2,goods,CA,TX
scen_random_2,goods,CO,CA
scen_random_2,goods,CT,NY
scen_random_2,goods,DC,MD
scen_random_2,goods,DE,MD
scen_random_2,goods,FL,GA
scen_random_2,goods,GA,FL
scen_random_2,goods,HI,CA
scen_random_2,goods,IA,IL
scen_random_2,goods,ID,CA
scen_random_2,goods,IL,MO
scen_random_2,goods,IN,MI
scen_random_2,goods,KS,TX
scen_random_2,goods,KY,IN
scen_random_2,goods,LA,FL
scen_random_2,goods,MA,NY
scen_random_2,goods,MD,PA
scen_random_2,goods,ME,MA
scen_random_2,goods,MI,OH
scen_random_2,goods,MN,WI
scen_random_2,goods,MO,IL
scen_random_2,goods,MS,TX
scen_random_2,goods,MT,CA
scen_random_2,goods,NC,VA
scen_random_2,goods,ND,CA
scen_random_2,goods,NE,KS
scen_random_2,goods,NH,MA
scen_random_2,goods,NJ,PA
scen_random_2,goods,NM,TX
scen_random_2,goods,NV,CA
scen_random_2,goods,NY,MA
scen_random_2,goods,OH,MI
scen_random_2,goods,OK,TX
scen_random_2,goods,OR,CA
scen_random_2,goods,PA,NJ
scen_random_2,goods,RI,MA
scen_random_2,goods,SC,NC
scen_random_2,goods,SD,CA
scen_random_2,goods,TN,TX
scen_random_2,goods,TX,CA
scen_random_2,goods,UT,CA
scen_random_2,goods,VA,NC
scen_random_2,goods,VT,NY
scen_random_2,goods,WA,CA
scen_random_2,goods,WI,MI
scen_random_2,goods,WV,OH
scen_random_2,goods,WY,CO
scen_random_2,all_interm,AK,CA
scen_random_2,all_interm,AL,FL
scen_random_2,all_interm,AR,TX
scen_random_2,all_interm,AZ,CA
scen_random_2,all_interm,CA,NV
scen_random_2,all_interm,CO,CA
scen_random_2,all_interm,CT,NY
scen_random_2,all_interm,DC,MD
scen_random_2,all_interm,DE,NY
scen_random_2,all_interm,FL,GA
scen_random_2,all_interm,GA,FL
scen_random_2,all_interm,HI,CA
scen_random_2,all_interm,IA,IL
scen_random_2,all_interm,ID,CA
scen_random_2,all_interm,IL,MO
scen_random_2,all_interm,IN,OH
scen_random_2,all_interm,KS,TX
scen_random_2,all_interm,KY,OH
scen_random_2,all_interm,LA,TX
scen_random_2,all_interm,MA,NY
scen_random_2,all_interm,MD,PA
scen_random_2,all_interm,ME,NY
scen_random_2,all_interm,MI,OH
scen_random_2,all_interm,MN,WI
scen_random_2,all_interm,MO,IL
scen_random_2,all_interm,MS,TX
scen_random_2,all_interm,MT,CA
scen_random_2,all_interm,NC,VA
scen_random_2,all_interm,ND,CA
scen_random_2,all_interm,NE,KS
scen_random_2,all_interm,NH,NY
scen_random_2,all_interm,NJ,NY
scen_random_2,all_interm,NM,CA
scen_random_2,all_interm,NV,CA
scen_random_2,all_interm,NY,MA
scen_random_2,all_interm,OH,MI
scen_random_2,all_interm,OK,TX
scen_random_2,all_interm,OR,CA
scen_random_2,all_interm,PA,NY
scen_random_2,all_interm,RI,MA
scen_random_2,all_interm,SC,NC
scen_random_2,all_interm,SD,CA
scen_random_2,all_interm,TN,GA
scen_random_2,all_interm,TX,CA
scen_random_2,all_interm,UT,CA
scen_random_2,all_interm,VA,NC
scen_random_2,all_interm,VT,NY
scen_random_2,all_interm,WA,CA
scen_random_2,all_interm,WI,IL
scen_random_2,all_interm,WV,OH
scen_random_2,all_interm,WY,CO
CFS,goods,AK,WA
CFS,goods,AL,GA
CFS,goods,AR,TX
CFS,goods,AZ,CA
CFS,goods,CA,TX
CFS,goods,CO,CA
CFS,goods,CT,NY
CFS,goods,DC,MD
CFS,goods,DE,PA
CFS,goods,FL,GA
CFS,goods,GA,FL
CFS,goods,HI,CA
CFS,goods,IA,IL
CFS,goods,ID,CA
CFS,goods,IL,IN
CFS,goods,IN,OH
CFS,goods,KS,MO
CFS,goods,KY,TN
CFS,goods,LA,TX
CFS,goods,MA,NH
CFS,goods,MD,VA
CFS,goods,ME,MA
CFS,goods,MI,OH
CFS,goods,MN,WI
CFS,goods,MO,IL
CFS,goods,MS,TN
CFS,goods,MT,WA
CFS,goods,NC,SC
CFS,goods,ND,MN
CFS,goods,NE,IA
CFS,goods,NH,MA
CFS,goods,NJ,NY
CFS,goods,NM,TX
CFS,goods,NV,CA
CFS,goods,NY,NJ
CFS,goods,OH,IN
CFS,goods,OK,TX
CFS,goods,OR,WA
CFS,goods,PA,NJ
CFS,goods,RI,MA
CFS,goods,SC,NC
CFS,goods,SD,MN
CFS,goods,TN,GA
CFS,goods,TX,CA
CFS,goods,UT,CA
CFS,goods,VA,NC
CFS,goods,VT,NY
CFS,goods,WA,OR
CFS,goods,WI,IL
CFS,goods,WV,OH
CFS,goods,WY,CO
FAF,goods,AK,CA
FAF,goods,AL,GA
FAF,goods,AR,TX
FAF,goods,AZ,CA
FAF,goods,CA,TX
FAF,goods,CO,WY
FAF,goods,CT,NY
FAF,goods,DC,MD
FAF,goods,DE,PA
FAF,goods,FL,GA
FAF,goods,GA,FL
FAF,goods,HI,CA
FAF,goods,IA,IL
FAF,goods,ID,WA
FAF,goods,IL,IN
FAF,goods,IN,OH
FAF,goods,KS,MO
FAF,goods,KY,TN
FAF,goods,LA,TX
FAF,goods,MA,NH
FAF,goods,MD,VA
FAF,goods,ME,MA
FAF,goods,MI,OH
FAF,goods,MN,WI
FAF,goods,MO,IL
FAF,goods,MS,AL
FAF,goods,MT,ID
FAF,goods,NC,SC
FAF,goods,ND,MN
FAF,goods,NE,IA
FAF,goods,NH,MA
FAF,goods,NJ,NY
FAF,goods,NM,TX
FAF,goods,NV,CA
FAF,goods,NY,NJ
FAF,goods,OH,IN
FAF,goods,OK,TX
FAF,goods,OR,WA
FAF,goods,PA,NJ
FAF,goods,RI,MA
FAF,goods,SC,NC
FAF,goods,SD,MN
FAF,goods,TN,GA
FAF,goods,TX,LA
FAF,goods,UT,CA
FAF,goods,VA,NC
FAF,goods,VT,NY
FAF,goods,WA,OR
FAF,goods,WI,IL
FAF,goods,WV,OH
FAF,goods,WY,CO
