sector,build,Leontief,IIM,Ghosh
Accommodation and food service activities,g0.1,-2389.277372416536,-4622.756038676408,-8764.32915342808
Administrative and support service activities,g0.1,-15578.470575162612,-31221.753460000327,-8980.167915633407
"Agriculture, hunting, forestry, fishing and related",g0.1,-2414.54178591141,-3485.603200360338,-3281.868697076216
Air transport,g0.1,-1031.6450443140711,-2073.706234623859,-1189.520953351352
"Arts, entertainment and recreation activities",g0.1,-1183.5251117385512,-2379.216227466164,-2211.034527654756
Construction,g0.1,-2091.617899793509,-3691.869463073186,-9011.434743045105
Education and public administration,g0.1,-9526.999674335635,-16467.039046389513,-23319.231703566602
"Electricity, gas, steam and air conditioning supply, and wasterwater",g0.1,-3071.1557847542254,-5406.118156900721,-3756.468608941257
Financial and insurance activities,g0.1,-27955.987648883303,-59709.82868430496,-36383.139727635986
Human health and social work activities,g0.1,-2210.522519297387,-2487.798477263568,-15935.506282484526
Land transport and transport via pipelines,g0.1,-3380.4901625421753,-6004.042362892033,-4407.32941281528
"Manufacture of chemicals and chemical products, pharmaceutical",g0.1,-4513.0579627038005,-8184.326404651179,-4932.896320980374
Manufacture of coke and refined petroleum products,g0.1,-4512.4198646442655,-8142.199057543135,-1767.4431275427296
"Manufacture of computer, electronic and optical products",g0.1,-871.7711369034637,-1639.7820445611642,-1366.2978118485698
Manufacture of electrical equipment,g0.1,-430.39440469343833,-708.389529169214,-786.6551875545993
Manufacture of fabricated metal products,g0.1,-3114.472083011747,-5244.9711943447155,-2813.110164725546
Manufacture of food and beverage and tobacco products,g0.1,-1630.4535324535154,-2243.442440222031,-8246.263108004716
Manufacture of furniture,g0.1,-2171.6916660290126,-2819.821619081895,-1751.676725643449
Manufacture of machinery and equipment n.e.c. ,g0.1,-910.7492822120291,-1532.8150984359893,-2692.960396626278
"Manufacture of motor vehicles, trailers and semi-trailers",g0.1,-1089.1904273710447,-1935.2858614367146,-5846.154634641406
Manufacture of other non-metallic mineral products,g0.1,-1360.6494883205462,-2215.762205834745,-1013.7689995518962
Manufacture of other transport equipment,g0.1,-831.5797231853694,-1245.1305726489836,-2058.407616207127
Manufacture of paper and paper products,g0.1,-2537.9577527794813,-4917.32084752326,-2176.006247210389
Manufacture of rubber and plastic products,g0.1,-1819.5986517406748,-3036.9175559703567,-2057.0084907941805
"Manufacture of textiles, wearing apparel, leather and related products",g0.1,-183.75447040608762,-286.84059222177865,-525.8715896224644
Manufacture of wood and of products of wood and cork,g0.1,-1313.3499990504165,-2075.0848504996393,-822.972090983988
"Mining, except oil & gas",g0.1,-973.8284932746369,-1850.1322354213364,-740.1414618290872
Oil and gas extraction,g0.1,-2450.5407106827333,-4401.279418571003,-1490.8885980289178
Other services + wholesale/retail,g0.1,-14777.141438388073,-25451.552526341922,-32118.818886568566
"Professional, scientific and technical activities",g0.1,-25736.141096321826,-50855.07386791466,-17174.784536122563
Real estate activities,g0.1,-16124.536494534585,-29288.411950934562,-23343.402205109564
Support activities for mining,g0.1,-218.23336692434611,-396.62162497990965,-1051.5984548013168
T,g0.1,0.0,0.0,0.0
Warehousing and support activities for transportation,g0.1,-4940.690246124608,-9603.253661182345,-3028.1962492519683
Water transport,g0.1,-262.9495972599588,-479.5757592242342,-596.0207891334215
"broadcasting, telecommunications, data processing, publishing, information services, motion picture, video, television",g0.1,-19054.577392597686,-40428.32557998332,-16973.60302782207
primary metals,g0.1,-1791.396641700291,-3753.5770761828226,-1986.300245059327
Accommodation and food service activities,g0.25,-2387.9534529659018,-4618.92407022023,-8637.9588137515
Administrative and support service activities,g0.25,-15577.145454524823,-31208.72751596944,-8945.595834171647
"Agriculture, hunting, forestry, fishing and related",g0.25,-2415.794827622198,-3484.9525433705485,-3193.420042559162
Air transport,g0.25,-1031.3356471814377,-2072.4187109055383,-1170.8085711031026
"Arts, entertainment and recreation activities",g0.25,-1182.5720945601133,-2376.345037246286,-2206.542628367365
Construction,g0.25,-2089.6422065481743,-3687.0010114327497,-8962.582685867717
Education and public administration,g0.25,-9528.92608263088,-16464.76698289644,-23354.680528433546
"Electricity, gas, steam and air conditioning supply, and wasterwater",g0.25,-3070.0392014255035,-5402.00900490228,-3748.0968456794126
Financial and insurance activities,g0.25,-27900.41477111781,-59576.621343037485,-36656.16447368024
Human health and social work activities,g0.25,-2209.934254239459,-2487.279582585698,-16023.199464264377
Land transport and transport via pipelines,g0.25,-3379.539804711779,-6000.098939513845,-4365.600564297569
"Manufacture of chemicals and chemical products, pharmaceutical",g0.25,-4514.096123851315,-8183.3659190456165,-4964.919349581541
Manufacture of coke and refined petroleum products,g0.25,-4512.833820377637,-8140.885526953276,-1721.3902613784244
"Manufacture of computer, electronic and optical products",g0.25,-871.6281821559165,-1638.9578365164227,-1355.3548167947615
Manufacture of electrical equipment,g0.25,-430.5225379265013,-708.4848231040995,-791.4501546768802
Manufacture of fabricated metal products,g0.25,-3115.0152687450186,-5244.619313804358,-2824.0764206123868
Manufacture of food and beverage and tobacco products,g0.25,-1629.7494470837887,-2241.227602857846,-8169.526271443265
Manufacture of furniture,g0.25,-2172.8430439584245,-2821.3598438415343,-1759.8820895335493
Manufacture of machinery and equipment n.e.c. ,g0.25,-910.9034030903783,-1532.6495266970426,-2679.8825506044764
"Manufacture of motor vehicles, trailers and semi-trailers",g0.25,-1090.101163253573,-1935.786111294539,-5779.143592655023
Manufacture of other non-metallic mineral products,g0.25,-1360.6579930839882,-2215.4333936623357,-1003.9917357613522
Manufacture of other transport equipment,g0.25,-832.0651120995325,-1245.5532657126605,-2039.8501359281458
Manufacture of paper and paper products,g0.25,-2538.3985877122363,-4916.076917452825,-2174.453932071744
Manufacture of rubber and plastic products,g0.25,-1820.546888251784,-3037.3922476249822,-2058.4125891057733
"Manufacture of textiles, wearing apparel, leather and related products",g0.25,-183.8008463077129,-286.80469854438167,-528.223272180438
Manufacture of wood and of products of wood and cork,g0.25,-1313.0956069955605,-2074.4109653708992,-810.3211931189938
"Mining, except oil & gas",g0.25,-974.0111930445305,-1850.1269717148346,-723.5530907364131
Oil and gas extraction,g0.25,-2444.0919380621235,-4388.660396725566,-1448.9179555837013
Other services + wholesale/retail,g0.25,-14775.000677068376,-25437.735251326365,-31999.52433509272
"Professional, scientific and technical activities",g0.25,-25732.32260796792,-50829.78053851175,-17319.928072686693
Real estate activities,g0.25,-16123.30916617131,-29276.897306589723,-23348.241112244752
Support activities for mining,g0.25,-217.6725611143114,-395.5319916049711,-1026.9798499627539
T,g0.25,0.0,0.0,0.0
Warehousing and support activities for transportation,g0.25,-4941.93319497476,-9601.177043224363,-3015.3817306521805
Water transport,g0.25,-263.0240717700169,-479.5587294492917,-597.2966304504178
"broadcasting, telecommunications, data processing, publishing, information services, motion picture, video, television",g0.25,-19034.82726640113,-40371.06692253057,-16950.990737828473
primary metals,g0.25,-1789.5349439622698,-3749.7607771635667,-1977.777227850065
Accommodation and food service activities,g0.5,-2382.3055161256857,-4605.445445182409,-8390.345891036206
Administrative and support service activities,g0.5,-15553.939346639732,-31143.12786816593,-8871.424184731162
"Agriculture, hunting, forestry, fishing and related",g0.5,-2418.6512690800664,-3483.6566624747325,-3022.2023607735146
Air transport,g0.5,-1029.378292638188,-2067.2613867608698,-1133.950908734514
"Arts, entertainment and recreation activities",g0.5,-1178.6584981268968,-2366.6503564178333,-2194.6826473226843
Construction,g0.5,-2083.523985019475,-3673.201051983277,-8861.687946715167
Education and public administration,g0.5,-9528.393242916178,-16452.014351221227,-23367.36854767735
"Electricity, gas, steam and air conditioning supply, and wasterwater",g0.5,-3066.134634560253,-5390.625620011812,-3730.913103343601
Financial and insurance activities,g0.5,-27726.566458242458,-59184.1983059073,-37159.06883699212
Human health and social work activities,g0.5,-2208.3467582500793,-2485.4858307675663,-16174.88718302847
Land transport and transport via pipelines,g0.5,-3376.290221799115,-5989.421694945691,-4284.397542909819
"Manufacture of chemicals and chemical products, pharmaceutical",g0.5,-4513.4311904268325,-8176.425724578369,-5022.985921510082
Manufacture of coke and refined petroleum products,g0.5,-4513.747654865624,-8138.097831030914,-1638.2425849908989
"Manufacture of computer, electronic and optical products",g0.5,-870.7875767663079,-1636.1958045112528,-1333.5110403978429
Manufacture of electrical equipment,g0.5,-430.70872676744335,-708.5164380098953,-800.2746867734443
Manufacture of fabricated metal products,g0.5,-3114.800561986555,-5241.4938689436685,-2846.4546542945495
Manufacture of food and beverage and tobacco products,g0.5,-1628.3439002468326,-2236.5094432649867,-8004.506319016248
Manufacture of furniture,g0.5,-2175.20416214296,-2824.4057145770726,-1774.4564188755007
Manufacture of machinery and equipment n.e.c. ,g0.5,-910.8083935075205,-1531.5122860698123,-2654.0609575026474
"Manufacture of motor vehicles, trailers and semi-trailers",g0.5,-1091.7186557930313,-1936.3353017032564,-5637.079566208049
Manufacture of other non-metallic mineral products,g0.5,-1359.9161521484123,-2213.3977633466634,-984.3445232272986
Manufacture of other transport equipment,g0.5,-832.5500827835937,-1245.5441385543777,-2005.6639460957422
Manufacture of paper and paper products,g0.5,-2537.8526052912102,-4910.89718053388,-2169.8295616534374
Manufacture of rubber and plastic products,g0.5,-1821.3618219603188,-3036.424262114673,-2058.406910938119
"Manufacture of textiles, wearing apparel, leather and related products",g0.5,-183.82007557985213,-286.6146871911343,-532.2354136404107
Manufacture of wood and of products of wood and cork,g0.5,-1312.4365822676898,-2072.7635304991745,-784.5589807364713
"Mining, except oil & gas",g0.5,-974.2347242539443,-1849.7684848633828,-691.1248030725
Oil and gas extraction,g0.5,-2434.6120618050336,-4369.372758476598,-1376.4831224253523
Other services + wholesale/retail,g0.5,-14756.544430461674,-25384.193753024232,-31756.973737933822
"Professional, scientific and technical activities",g0.5,-25688.961556218823,-50710.30805150252,-17564.5011322237
Real estate activities,g0.5,-16101.674224594839,-29217.476843349068,-23336.68282759402
Support activities for mining,g0.5,-216.8375874433842,-393.8464551100973,-985.834914955481
T,g0.5,0.0,0.0,0.0
Warehousing and support activities for transportation,g0.5,-4941.434894622334,-9591.282154502605,-2986.4981935186447
Water transport,g0.5,-263.0296856234457,-479.2457214428722,-600.4831992254542
"broadcasting, telecommunications, data processing, publishing, information services, motion picture, video, television",g0.5,-18962.804509838403,-40193.24081417625,-16879.172110360505
primary metals,g0.5,-1785.6305325265541,-3741.4068110171115,-1958.1808282090806
Accommodation and food service activities,g0.75,-2371.362484345227,-4581.2886603268,-8129.270347150009
Administrative and support service activities,g0.75,-15495.861519145821,-31006.78784324928,-8776.532429844387
"Agriculture, hunting, forestry, fishing and related",g0.75,-2422.601939345228,-3482.4181239509435,-2827.3858226801985
Air transport,g0.75,-1025.1009975289878,-2057.391843604448,-1092.226459496862
"Arts, entertainment and recreation activities",g0.75,-1171.2430828346785,-2349.699437050892,-2179.1405340347237
Construction,g0.75,-2073.2321742883123,-3651.219141883757,-8737.404556622805
Education and public administration,g0.75,-9521.896725286762,-16426.074164380778,-23301.039615235473
"Electricity, gas, steam and air conditioning supply, and wasterwater",g0.75,-3059.1615893649264,-5372.789352893462,-3708.639362176064
Financial and insurance activities,g0.75,-27446.807442790712,-58572.504421995174,-37675.682094048956
Human health and social work activities,g0.75,-2205.8636711425233,-2482.2955239533667,-16317.399622352305
Land transport and transport via pipelines,g0.75,-3370.8164177516023,-5973.4893998722455,-4189.791363941943
"Manufacture of chemicals and chemical products, pharmaceutical",g0.75,-4508.400193825939,-8160.403677150489,-5079.7443318091
Manufacture of coke and refined petroleum products,g0.75,-4515.204355990528,-8135.115324442565,-1549.3611815822114
"Manufacture of computer, electronic and optical products",g0.75,-868.9369599201074,-1631.2452968105174,-1310.5243973084964
Manufacture of electrical equipment,g0.75,-430.7922448058489,-708.2692867431006,-808.772816430725
Manufacture of fabricated metal products,g0.75,-3112.4005068280594,-5233.898656577007,-2870.4121386860884
Manufacture of food and beverage and tobacco products,g0.75,-1626.7422990155892,-2230.7556455229233,-7789.280143963958
Manufacture of furniture,g0.75,-2177.985830402927,-2827.8678969365815,-1788.8909808819967
Manufacture of machinery and equipment n.e.c. ,g0.75,-909.9547986817565,-1528.7504841840978,-2620.7061661415673
"Manufacture of motor vehicles, trailers and semi-trailers",g0.75,-1093.2915476651444,-1936.2463869435762,-5450.559839749717
Manufacture of other non-metallic mineral products,g0.75,-1357.8030109725037,-2208.7746534241764,-960.4916966479196
Manufacture of other transport equipment,g0.75,-832.2956324986758,-1244.1627890757013,-1969.3104496908893
Manufacture of paper and paper products,g0.75,-2534.9113738018655,-4900.481864576073,-2159.9557883793304
Manufacture of rubber and plastic products,g0.75,-1820.5475097582232,-3032.170166362469,-2052.232390769809
"Manufacture of textiles, wearing apparel, leather and related products",g0.75,-183.73220614024012,-286.21354709117804,-535.1271576702724
Manufacture of wood and of products of wood and cork,g0.75,-1311.3946126969233,-2070.3213460233346,-753.484626405498
"Mining, except oil & gas",g0.75,-974.3656433563848,-1848.9884376568148,-655.0554576074646
Oil and gas extraction,g0.75,-2427.895986744725,-4354.417232829044,-1303.5974306214216
Other services + wholesale/retail,g0.75,-14713.770203703787,-25282.91290990635,-31459.24965312518
"Professional, scientific and technical activities",g0.75,-25587.739780307227,-50473.15012038672,-17795.374960205052
Real estate activities,g0.75,-16048.35923856112,-29094.941450276983,-23299.290314632595
Support activities for mining,g0.75,-216.23994104824445,-392.52853011805877,-946.503668356632
T,g0.75,0.0,0.0,0.0
Warehousing and support activities for transportation,g0.75,-4936.104214456462,-9570.62766650711,-2947.884409746765
Water transport,g0.75,-262.8334701680588,-478.48538692592064,-604.4134918871246
"broadcasting, telecommunications, data processing, publishing, information services, motion picture, video, television",g0.75,-18834.26380495262,-39898.67484036607,-16774.30615354285
primary metals,g0.75,-1781.1895881979872,-3731.1968092485436,-1929.6115618007855
Accommodation and food service activities,g1.0,-2355.0823409656377,-4546.580235606763,-7893.717685905231
Administrative and support service activities,g1.0,-15399.609380947652,-30794.826831472525,-8665.312896443387
"Agriculture, hunting, forestry, fishing and related",g1.0,-2427.5061633875603,-3481.5268300252383,-2621.631416808536
Air transport,g1.0,-1018.3918629552045,-2042.6984253456092,-1049.30780435342
"Arts, entertainment and recreation activities",g1.0,-1160.4445617617143,-2325.851598244346,-2162.841681401916
Construction,g1.0,-2058.8363655483477,-3621.4063822233015,-8595.262004171798
Education and public administration,g1.0,-9509.162799687601,-16387.245016746154,-23143.15706453222
"Electricity, gas, steam and air conditioning supply, and wasterwater",g1.0,-3049.039254686882,-5348.693308296578,-3681.1503126060143
Financial and insurance activities,g1.0,-27085.076541624538,-57794.07203378116,-38151.19683470917
Human health and social work activities,g1.0,-2202.4906844515112,-2477.6936364798903,-16434.529132506683
Land transport and transport via pipelines,g1.0,-3363.5580704342797,-5953.5171454609745,-4085.984133622356
"Manufacture of chemicals and chemical products, pharmaceutical",g1.0,-4498.033551658321,-8133.921095712122,-5128.0159523410475
Manufacture of coke and refined petroleum products,g1.0,-4517.526157091656,-8132.8321179058785,-1458.6814288697226
"Manufacture of computer, electronic and optical products",g1.0,-865.9853300098453,-1624.013840751779,-1291.2280950784727
Manufacture of electrical equipment,g1.0,-430.70381531618966,-707.6387487837258,-815.2668861267559
Manufacture of fabricated metal products,g1.0,-3107.3194227668773,-5221.159822226756,-2891.228475466713
Manufacture of food and beverage and tobacco products,g1.0,-1624.8813636004554,-2224.1200817361846,-7528.029830089289
Manufacture of furniture,g1.0,-2180.948734077192,-2831.4301140402454,-1801.8075641243877
Manufacture of machinery and equipment n.e.c. ,g1.0,-908.0565809854992,-1523.9319233267981,-2578.025475995623
"Manufacture of motor vehicles, trailers and semi-trailers",g1.0,-1094.5744200123384,-1935.211771683657,-5218.666529456518
Manufacture of other non-metallic mineral products,g1.0,-1354.028519317288,-2201.106550183905,-933.1588960919908
Manufacture of other transport equipment,g1.0,-831.0056843096307,-1241.0408720098746,-1934.0630668313872
Manufacture of paper and paper products,g1.0,-2528.9826600785805,-4884.016441842654,-2142.6179676553134
Manufacture of rubber and plastic products,g1.0,-1817.5341774345413,-3023.8093784500024,-2036.927878684653
"Manufacture of textiles, wearing apparel, leather and related products",g1.0,-183.5249228084074,-285.59442736613295,-535.5416144924435
Manufacture of wood and of products of wood and cork,g1.0,-1309.9296569236903,-2067.050108019631,-718.7731481207464
"Mining, except oil & gas",g1.0,-974.473615404126,-1847.9635687596863,-618.757755754473
Oil and gas extraction,g1.0,-2424.8803907094525,-4345.634285452174,-1233.2584092868476
Other services + wholesale/retail,g1.0,-14644.98300475375,-25132.346146562064,-31118.509454549327
"Professional, scientific and technical activities",g1.0,-25427.53368320701,-50118.802689519725,-17997.254891378085
Real estate activities,g1.0,-15961.26663075368,-28906.819234864593,-23240.234007416628
Support activities for mining,g1.0,-215.9841604602313,-391.77936216344017,-910.7759208031279
T,g1.0,0.0,0.0,0.0
Warehousing and support activities for transportation,g1.0,-4924.862070703399,-9537.881095091056,-2901.3608471836837
Water transport,g1.0,-262.4141210259324,-477.26005886079054,-608.3733301574604
"broadcasting, telecommunications, data processing, publishing, information services, motion picture, video, television",g1.0,-18652.605241547553,-39496.5305563271,-16658.201850426492
primary metals,g1.0,-1776.9204177551017,-3720.4847774752534,-1890.7132628256938
Accommodation and food service activities,g1.25,-2334.554445052647,-4503.655516110311,-7701.624923720555
Administrative and support service activities,g1.25,-15270.369574825147,-30518.96322862467,-8545.343543871437
"Agriculture, hunting, forestry, fishing and related",g1.25,-2432.9449468799385,-3481.069910984464,-2419.8205925557168
Air transport,g1.25,-1009.7460194908507,-2024.2565233880687,-1008.4783674836513
"Arts, entertainment and recreation activities",g1.25,-1147.1566740574808,-2297.0232347351257,-2147.60853385201
Construction,g1.25,-2041.3620809643205,-3585.893778845766,-8443.989020556006
Education and public administration,g1.25,-9491.396117032185,-16338.682122660426,-22901.20769783872
"Electricity, gas, steam and air conditioning supply, and wasterwater",g1.25,-3036.286124449944,-5319.690422267781,-3649.915844192358
Financial and insurance activities,g1.25,-26685.342674613155,-56941.673777674245,-38550.72800595701
Human health and social work activities,g1.25,-2198.4362967216725,-2472.0026249562775,-16518.569111392866
Land transport and transport via pipelines,g1.25,-3355.4090316314255,-5931.678535527615,-3979.4876827156777
"Manufacture of chemicals and chemical products, pharmaceutical",g1.25,-4482.36995187426,-8097.63512665824,-5164.253444438232
Manufacture of coke and refined petroleum products,g1.25,-4520.958501239134,-8132.144441253581,-1371.3656130754175
"Manufacture of computer, electronic and optical products",g1.25,-862.0930113013508,-1614.9071900365495,-1278.7657826354193
Manufacture of electrical equipment,g1.25,-430.4174077948708,-706.610060403156,-818.7534229596732
Manufacture of fabricated metal products,g1.25,-3099.755332153025,-5203.882031898807,-2905.7807676244684
Manufacture of food and beverage and tobacco products,g1.25,-1622.6393168966313,-2216.712022497992,-7235.525009077821
Manufacture of furniture,g1.25,-2183.827036877102,-2834.7649209069637,-1812.223773599956
Manufacture of machinery and equipment n.e.c. ,g1.25,-905.0726223523017,-1517.0974018358354,-2527.0894492441057
"Manufacture of motor vehicles, trailers and semi-trailers",g1.25,-1095.3769634193573,-1933.1249230009541,-4951.831189919597
Manufacture of other non-metallic mineral products,g1.25,-1348.6874241933867,-2190.6272941910834,-903.8668063840197
Manufacture of other transport equipment,g1.25,-828.6804922376725,-1236.2905966311482,-1903.6910455574405
Manufacture of paper and paper products,g1.25,-2520.09501840028,-4861.911823855566,-2118.0825041728526
Manufacture of rubber and plastic products,g1.25,-1812.2317174433854,-3011.3934468798375,-2012.0381486813171
"Manufacture of textiles, wearing apparel, leather and related products",g1.25,-183.21346421628272,-284.7987919091306,-532.8781202766656
Manufacture of wood and of products of wood and cork,g1.25,-1308.135660748434,-2063.150363580909,-682.9183024103083
"Mining, except oil & gas",g1.25,-974.6611280787938,-1846.9712797176094,-584.8944342381762
Oil and gas extraction,g1.25,-2425.691992095263,-4343.486429673616,-1168.6314461487723
Other services + wholesale/retail,g1.25,-14554.580874112531,-24942.255741154608,-30757.520492465468
"Professional, scientific and technical activities",g1.25,-25220.344419007255,-49673.44892764862,-18162.324782606367
Real estate activities,g1.25,-15845.419487036917,-28664.288218691865,-23167.166969974976
Support activities for mining,g1.25,-216.1126364752584,-391.6958244819261,-880.0637136082036
T,g1.25,0.0,0.0,0.0
Warehousing and support activities for transportation,g1.25,-4907.9052256231,-9494.224990752917,-2850.449327738698
Water transport,g1.25,-261.8065867336256,-475.66344632503484,-611.9717222821664
"broadcasting, telecommunications, data processing, publishing, information services, motion picture, video, television",g1.25,-18432.929190096213,-39019.34500876169,-16551.11057407321
primary metals,g1.25,-1773.335662309754,-3710.6430556737955,-1842.8068153106497
Accommodation and food service activities,g1.5,-2311.4576315646736,-4455.957895428106,-7551.230147080227
Administrative and support service activities,g1.5,-15119.187177992288,-30202.042153857215,-8424.84397920333
"Agriculture, hunting, forestry, fishing and related",g1.5,-2438.438910190601,-3481.020441106855,-2234.2608469332863
Air transport,g1.5,-1000.0444418188671,-2003.871957473124,-971.8677238984898
"Arts, entertainment and recreation activities",g1.5,-1132.6189852597709,-2265.808470044778,-2133.9510494269516
Construction,g1.5,-2022.392442499396,-3547.792756736126,-8292.90437490506
Education and public administration,g1.5,-9470.746731533529,-16285.214595021602,-22598.616361000437
"Electricity, gas, steam and air conditioning supply, and wasterwater",g1.5,-3021.8195265747177,-5287.819001287247,-3617.3621886010305
Financial and insurance activities,g1.5,-26290.86354134723,-56105.35727674857,-38865.21706543538
Human health and social work activities,g1.5,-2194.0338857148786,-2465.7602957857293,-16570.240339258777
Land transport and transport via pipelines,g1.5,-3347.352042352957,-5910.265740148409,-3877.0098841327344
"Manufacture of chemicals and chemical products, pharmaceutical",g1.5,-4462.41717058038,-8053.937809778425,-5188.2449180675685
Manufacture of coke and refined petroleum products,g1.5,-4525.575861649574,-8133.651112971503,-1292.5793156884502
"Manufacture of computer, electronic and optical products",g1.5,-857.587725593568,-1604.6475284852813,-1273.4947160867696
Manufacture of electrical equipment,g1.5,-429.95184450377064,-705.2531122625461,-819.1410836246215
Manufacture of fabricated metal products,g1.5,-3090.4298979102796,-5183.593352747148,-2913.33330964702
Manufacture of food and beverage and tobacco products,g1.5,-1620.035455050921,-2208.82908577007,-6931.895040342894
Manufacture of furniture,g1.5,-2186.423580104979,-2837.657093198914,-1819.723355509757
Manufacture of machinery and equipment n.e.c. ,g1.5,-901.2332408648856,-1508.7731754038712,-2471.4254121739395
"Manufacture of motor vehicles, trailers and semi-trailers",g1.5,-1095.6641134844083,-1930.1989193996333,-4668.848241335445
Manufacture of other non-metallic mineral products,g1.5,-1342.232008124921,-2178.1986962996643,-874.4856499347809
Manufacture of other transport equipment,g1.5,-825.6263210456494,-1230.4852006814,-1880.847366968711
Manufacture of paper and paper products,g1.5,-2508.846794086391,-4835.612274832078,-2088.7639870491166
Manufacture of rubber and plastic products,g1.5,-1805.0352871083876,-2995.804832506218,-1979.5432236372044
"Manufacture of textiles, wearing apparel, leather and related products",g1.5,-182.82497993898608,-283.88828771022673,-527.398955931105
Manufacture of wood and of products of wood and cork,g1.5,-1306.224524376693,-2059.023109487487,-648.3912825072595
"Mining, except oil & gas",g1.5,-975.0079015698849,-1846.2590873863687,-554.8598869601982
Oil and gas extraction,g1.5,-2429.8062058317364,-4347.2760508396095,-1112.786151692208
Other services + wholesale/retail,g1.5,-14450.793271520597,-24729.1583600379,-30401.113937958187
"Professional, scientific and technical activities",g1.5,-24985.410686659732,-49176.85886432019,-18289.213463699438
Real estate activities,g1.5,-15710.324857356138,-28386.798774215273,-23088.047724633932
Support activities for mining,g1.5,-216.60616816708188,-392.2653031664123,-855.4673580998971
T,g1.5,0.0,0.0,0.0
Warehousing and support activities for transportation,g1.5,-4886.544690563416,-9442.831255985666,-2799.0308902114148
Water transport,g1.5,-261.0820528091612,-473.85599274504824,-615.1596090515253
"broadcasting, telecommunications, data processing, publishing, information services, motion picture, video, television",g1.5,-18195.654438464593,-38509.78361673651,-16463.73931822346
primary metals,g1.5,-1770.6301405705253,-3702.5216321783414,-1789.502587173877
Accommodation and food service activities,g2.0,-2264.283984585338,-4359.728079941258,-7343.339868194471
Administrative and support service activities,g2.0,-14801.937280210937,-29547.270717405372,-8208.166811070974
"Agriculture, hunting, forestry, fishing and related",g2.0,-2448.3857643445153,-3482.15954085313,-1936.5905070826648
Air transport,g2.0,-981.0612788744027,-1964.4600754992734,-914.8739600816915
"Arts, entertainment and recreation activities",g2.0,-1104.2518441123887,-2205.4410106025384,-2111.58693502719
Construction,g2.0,-1986.0245596502439,-3475.422521671839,-8020.41688230574
Education and public administration,g2.0,-9429.837659412433,-16182.711990016953,-21924.204708796973
"Electricity, gas, steam and air conditioning supply, and wasterwater",g2.0,-2991.8635637804337,-5223.906103221337,-3557.235311256264
Financial and insurance activities,g2.0,-25623.35786651843,-54697.927254992166,-39278.82064808514
Human health and social work activities,g2.0,-2185.5067966451543,-2453.741838563159,-16600.02075655699
Land transport and transport via pipelines,g2.0,-3334.4635136509687,-5875.369312727403,-3702.3122178496433
"Manufacture of chemicals and chemical products, pharmaceutical",g2.0,-4416.0486103511785,-7957.312928365674,-5207.307043425138
Manufacture of coke and refined petroleum products,g2.0,-4537.7105198065165,-8143.458085334385,-1173.4792038658334
"Manufacture of computer, electronic and optical products",g2.0,-848.1824834219092,-1583.719489117733,-1278.5082199075982
Manufacture of electrical equipment,g2.0,-428.6602410926607,-701.9952122641446,-812.9598942466534
Manufacture of fabricated metal products,g2.0,-3070.004651861851,-5140.938008936436,-2912.026701532273
Manufacture of food and beverage and tobacco products,g2.0,-1614.5699913151661,-2193.6776257966976,-6360.213363595549
Manufacture of furniture,g2.0,-2190.550529422871,-2842.021103301454,-1826.882077242716
Manufacture of machinery and equipment n.e.c. ,g2.0,-892.5586391047881,-1490.7872112828916,-2362.06359561051
"Manufacture of motor vehicles, trailers and semi-trailers",g2.0,-1095.2742291465288,-1923.7390672655736,-4129.978813202891
Manufacture of other non-metallic mineral products,g2.0,-1328.4593085463755,-2152.0601367845165,-821.5712712867597
Manufacture of other transport equipment,g2.0,-819.017989328957,-1218.5480949660798,-1858.4942015466982
Manufacture of paper and paper products,g2.0,-2482.969090579646,-4778.2026724765565,-2027.5173316274595
Manufacture of rubber and plastic products,g2.0,-1787.7074466549486,-2960.42210533186,-1904.1675970744373
"Manufacture of textiles, wearing apparel, leather and related products",g2.0,-181.9240993876879,-281.94956008212455,-511.1257385940855
Manufacture of wood and of products of wood and cork,g2.0,-1302.9464667591878,-2051.7582451663798,-589.5326149134619
"Mining, except oil & gas",g2.0,-976.2299834783604,-1846.0960545494345,-507.7355176576279
Oil and gas extraction,g2.0,-2444.867475274123,-4367.889784038329,-1034.8324829557916
Other services + wholesale/retail,g2.0,-14237.619384505273,-24300.717952846702,-29774.97194640811
"Professional, scientific and technical activities",g2.0,-24508.855414772468,-48184.19438193321,-18443.06638896334
Real estate activities,g2.0,-15424.620294019467,-27810.391760290815,-22936.449712974296
Support activities for mining,g2.0,-218.44104428918743,-394.98665125235146,-826.1442074257247
T,g2.0,0.0,0.0,0.0
Warehousing and support activities for transportation,g2.0,-4838.48805379314,-9333.381892699019,-2706.490864896792
Water transport,g2.0,-259.586494214205,-470.2570753419755,-620.6828866793838
"broadcasting, telecommunications, data processing, publishing, information services, motion picture, video, television",g2.0,-17740.92020762663,-37542.61486182628,-16354.28235589767
primary metals,g2.0,-1767.539554234032,-3691.931111438362,-1682.9250708500738
Accommodation and food service activities,g2.5,-2223.4503141704236,-4277.326400122236,-7220.10125236245
Administrative and support service activities,g2.5,-14527.026933360237,-28986.39683214661,-8044.746519762837
"Agriculture, hunting, forestry, fishing and related",g2.5,-2456.405275924248,-3485.002590801297,-1738.3795179030146
Air transport,g2.5,-966.1469745138088,-1933.7240092637978,-879.0325841931076
"Arts, entertainment and recreation activities",g2.5,-1081.053347460555,-2156.413998522693,-2095.999648617501
Construction,g2.5,-1957.572189382,-3419.037442265305,-7810.890076538067
Education and public administration,g2.5,-9398.786274775654,-16105.048972546012,-21292.881332685636
"Electricity, gas, steam and air conditioning supply, and wasterwater",g2.5,-2965.707877895729,-5169.608447144004,-3511.5087183187497
Financial and insurance activities,g2.5,-25163.410828342923,-53732.88455736321,-39504.50075128032
Human health and social work activities,g2.5,-2178.70358969598,-2444.4187460526746,-16575.1956771837
Land transport and transport via pipelines,g2.5,-3327.7581645782407,-5855.094793359605,-3577.3232405602266
"Manufacture of chemicals and chemical products, pharmaceutical",g2.5,-4370.779493732317,-7866.547283400254,-5203.899554078117
Manufacture of coke and refined petroleum products,g2.5,-4551.606529912661,-8159.514178822512,-1108.2679501678713
"Manufacture of computer, electronic and optical products",g2.5,-839.9070587028541,-1565.645450319804,-1293.4778400830817
Manufacture of electrical equipment,g2.5,-427.1856339284172,-698.6545728733649,-802.3246819095089
Manufacture of fabricated metal products,g2.5,-3051.517446955325,-5103.610376513964,-2899.9892038895887
Manufacture of food and beverage and tobacco products,g2.5,-1610.2201288852723,-2182.1385692498698,-5894.60875556131
Manufacture of furniture,g2.5,-2193.5552455139746,-2845.101524953441,-1827.2318169339069
Manufacture of machinery and equipment n.e.c. ,g2.5,-884.7840730095561,-1475.1941865403276,-2272.1645212104713
"Manufacture of motor vehicles, trailers and semi-trailers",g2.5,-1094.7827706844241,-1919.0768815225033,-3701.1858632929325
Manufacture of other non-metallic mineral products,g2.5,-1316.7425220993523,-2130.006637486173,-781.1434689198004
Manufacture of other transport equipment,g2.5,-813.5104576182708,-1208.9824018172737,-1857.6338488914653
Manufacture of paper and paper products,g2.5,-2458.210411771648,-4725.368837132866,-1975.130170167267
Manufacture of rubber and plastic products,g2.5,-1770.6617219631273,-2927.0348500389246,-1831.8397799597365
"Manufacture of textiles, wearing apparel, leather and related products",g2.5,-180.9982488373236,-280.1147367865614,-492.80958770890305
Manufacture of wood and of products of wood and cork,g2.5,-1301.0486095129224,-2047.1085578230723,-546.9615389766544
"Mining, except oil & gas",g2.5,-977.8858962817154,-1847.3753839684043,-476.39290109924235
Oil and gas extraction,g2.5,-2464.5560289065656,-4398.377193637583,-1001.6568609527059
Other services + wholesale/retail,g2.5,-14055.363944801318,-23940.874103280676,-29314.039556321735
"Professional, scientific and technical activities",g2.5,-24104.89475150029,-47352.20036500886,-18503.05964057417
Real estate activities,g2.5,-15169.536398518834,-27303.64468389958,-22815.44750642688
Support activities for mining,g2.5,-220.91937858166898,-398.99548575574084,-820.0603723298698
T,g2.5,0.0,0.0,0.0
Warehousing and support activities for transportation,g2.5,-4794.895083494897,-9237.624370724752,-2636.525641313509
Water transport,g2.5,-258.38887882408835,-467.40605177830577,-625.5729202466538
"broadcasting, telecommunications, data processing, publishing, information services, motion picture, video, television",g2.5,-17379.358401742018,-36778.796656155995,-16313.343330137983
primary metals,g2.5,-1766.650289284469,-3687.5150885797884,-1593.2797726877159
Accommodation and food service activities,g3.0,-2192.679320235679,-4215.633764466908,-7155.7590357020335
Administrative and support service activities,g3.0,-14325.060758532576,-28576.473873769515,-7935.116295047138
"Agriculture, hunting, forestry, fishing and related",g3.0,-2463.0018963404536,-3489.5825646026033,-1617.540282139818
Air transport,g3.0,-956.3937469906446,-1913.5539188018483,-860.0172995257412
"Arts, entertainment and recreation activities",g3.0,-1064.3574295901635,-2121.207509022379,-2086.67702962513
Construction,g3.0,-1939.540418336006,-3382.97950806652,-7665.141059056052
Education and public administration,g3.0,-9382.317976030754,-16060.490591539452,-20780.70793873154
"Electricity, gas, steam and air conditioning supply, and wasterwater",g3.0,-2946.594740162965,-5130.417967369211,-3481.0504642769483
Financial and insurance activities,g3.0,-24873.606940769518,-53126.72032495721,-39628.92325057497
Human health and social work activities,g3.0,-2174.455806670852,-2439.110169267051,-16530.40100202638
Land transport and transport via pipelines,g3.0,-3326.880209963681,-5848.3667426287375,-3495.169822153522
"Manufacture of chemicals and chemical products, pharmaceutical",g3.0,-4333.747144930262,-7793.808949913665,-5191.701030386244
Manufacture of coke and refined petroleum products,g3.0,-4565.426333060757,-8178.478200888295,-1085.7782809419905
"Manufacture of computer, electronic and optical products",g3.0,-833.5580988104715,-1551.9470443288399,-1311.0895003784274
Manufacture of electrical equipment,g3.0,-425.82440949058685,-695.7702277663817,-790.9825240778603
Manufacture of fabricated metal products,g3.0,-3037.4168030402843,-5075.743681976343,-2886.3257954306114
Manufacture of food and beverage and tobacco products,g3.0,-1607.7743792985582,-2175.3783990345555,-5544.360765259489
Manufacture of furniture,g3.0,-2195.925672959869,-2847.6658269144305,-1824.2426806005437
Manufacture of machinery and equipment n.e.c. ,g3.0,-879.1164492620923,-1464.0579807228767,-2206.2433315213957
"Manufacture of motor vehicles, trailers and semi-trailers",g3.0,-1094.7206053512034,-1916.8013918175275,-3399.652992336491
Manufacture of other non-metallic mineral products,g3.0,-1308.7524916494126,-2114.9597500841546,-752.929015149989
Manufacture of other transport equipment,g3.0,-809.3664100624085,-1202.0672252644335,-1866.7965110138807
Manufacture of paper and paper products,g3.0,-2438.9266966855002,-4684.956898601447,-1934.7895277713626
Manufacture of rubber and plastic products,g3.0,-1756.8875259252632,-2900.6653979492557,-1771.8758859443117
"Manufacture of textiles, wearing apparel, leather and related products",g3.0,-180.28059341361234,-278.73765183924337,-475.8075327943677
Manufacture of wood and of products of wood and cork,g3.0,-1300.28667381278,-2044.7631241529955,-518.1646581400627
"Mining, except oil & gas",g3.0,-979.7650161716947,-1849.685660968907,-457.0565338404833
Oil and gas extraction,g3.0,-2485.4534684010114,-4432.5910733749815,-1003.0456053592325
Other services + wholesale/retail,g3.0,-13922.045339186818,-23680.327693584666,-29008.808466289094
"Professional, scientific and technical activities",g3.0,-23806.265051103226,-46740.59390622507,-18510.93681228897
Real estate activities,g3.0,-14971.518801346514,-26914.24240930712,-22729.60426047891
Support activities for mining,g3.0,-223.55906403323718,-403.43011705517847,-829.7037642842037
T,g3.0,0.0,0.0,0.0
Warehousing and support activities for transportation,g3.0,-4763.273397100033,-9168.964804845296,-2588.819465863104
Water transport,g3.0,-257.89123378318254,-466.0430488761978,-630.1794370148416
"broadcasting, telecommunications, data processing, publishing, information services, motion picture, video, television",g3.0,-17130.138616466036,-36252.39381920162,-16314.47576290231
primary metals,g3.0,-1767.187048889924,-3687.3171545307014,-1525.5265666730413
Accommodation and food service activities,scen_economic,-2389.8428374349155,-4618.331888593787,-8522.425989955842
Administrative and support service activities,scen_economic,-15605.485589725373,-31219.42102087827,-8920.039870128745
"Agriculture, hunting, forestry, fishing and related",scen_economic,-2453.8474046557412,-3485.974334226978,-2896.1545096580235
Air transport,scen_economic,-1024.691406159633,-2057.228418141117,-1133.1921690402235
"Arts, entertainment and recreation activities",scen_economic,-1183.0540481504681,-2375.7107923285057,-2207.220334560469
Construction,scen_economic,-2075.5698065337033,-3656.508089504441,-8837.306308105608
Education and public administration,scen_economic,-9556.538237103337,-16487.616821148575,-23298.278307056404
"Electricity, gas, steam and air conditioning supply, and wasterwater",scen_economic,-3052.8478289690925,-5359.615549385285,-3758.141519111902
Financial and insurance activities,scen_economic,-27903.394452415007,-59528.41528939199,-36865.90459484383
Human health and social work activities,scen_economic,-2210.141754568539,-2487.458804666637,-16162.010576047598
Land transport and transport via pipelines,scen_economic,-3381.044302215125,-5976.427389594808,-4273.265907147461
"Manufacture of chemicals and chemical products, pharmaceutical",scen_economic,-4405.2375646516875,-7943.530954856125,-5140.2279879802845
Manufacture of coke and refined petroleum products,scen_economic,-4526.687532672621,-8145.840598278309,-1597.8912192651942
"Manufacture of computer, electronic and optical products",scen_economic,-858.0867983197247,-1610.247419661519,-1363.9495363085807
Manufacture of electrical equipment,scen_economic,-427.8867114990472,-702.382349320115,-808.5578666510069
Manufacture of fabricated metal products,scen_economic,-3066.6087131368104,-5147.068820965643,-2915.715290676501
Manufacture of food and beverage and tobacco products,scen_economic,-1636.5214842820487,-2232.857278478092,-7740.557564989834
Manufacture of furniture,scen_economic,-2186.0102044180676,-2835.8529975813017,-1787.848284743406
Manufacture of machinery and equipment n.e.c. ,scen_economic,-893.2802947844306,-1496.7019498297338,-2619.374707956749
"Manufacture of motor vehicles, trailers and semi-trailers",scen_economic,-1090.653470100621,-1923.0748765099452,-5250.509262511567
Manufacture of other non-metallic mineral products,scen_economic,-1338.027918728201,-2175.01416041078,-955.4119377643734
Manufacture of other transport equipment,scen_economic,-821.6110998922851,-1228.5883638139437,-2050.4233232814395
Manufacture of paper and paper products,scen_economic,-2498.489146103723,-4824.809127485098,-2157.981332283151
Manufacture of rubber and plastic products,scen_economic,-1793.4910420576275,-2981.072406639247,-1998.5052124041013
"Manufacture of textiles, wearing apparel, leather and related products",scen_economic,-182.12000964195573,-283.3615753528088,-529.9597938926801
Manufacture of wood and of products of wood and cork,scen_economic,-1302.30758962538,-2055.7031099391475,-755.4369329167506
"Mining, except oil & gas",scen_economic,-975.2520993991392,-1846.4411410074906,-681.0889818059821
Oil and gas extraction,scen_economic,-2449.182835188918,-4387.4002675998545,-1378.4690864123788
Other services + wholesale/retail,scen_economic,-14835.037477874625,-25425.388964739548,-31927.736006188326
"Professional, scientific and technical activities",scen_economic,-25782.62478795574,-50844.34092046179,-17488.54833525581
Real estate activities,scen_economic,-16147.09412888852,-29288.842445846014,-23425.02474354573
Support activities for mining,scen_economic,-219.3366058306177,-397.5603832475988,-992.9041346354827
T,scen_economic,0.0,0.0,0.0
Warehousing and support activities for transportation,scen_economic,-4921.243798406567,-9541.526947684613,-2984.659072730536
Water transport,scen_economic,-262.4925762959267,-476.67218582257124,-604.6183735529859
"broadcasting, telecommunications, data processing, publishing, information services, motion picture, video, television",scen_economic,-19048.75681414463,-40359.44535669063,-16959.75972979938
primary metals,scen_economic,-1763.774476311448,-3688.3976877865525,-1894.6200113907619
Accommodation and food service activities,scen_structured_rand,-2389.2266326650874,-4615.176694572741,-8319.116451397245
Administrative and support service activities,scen_structured_rand,-15601.053794570254,-31201.521058408856,-8841.839206028619
"Agriculture, hunting, forestry, fishing and related",scen_structured_rand,-2452.3937693185985,-3487.905860678429,-2796.3034873431898
Air transport,scen_structured_rand,-1025.0834871560396,-2056.877527279361,-1112.8117914330826
"Arts, entertainment and recreation activities",scen_structured_rand,-1176.449708138551,-2361.0431047407346,-2192.211696834726
Construction,scen_structured_rand,-2064.8358459075775,-3634.6000478192004,-8749.813627843801
Education and public administration,scen_structured_rand,-9552.204869559408,-16474.007674428205,-23264.787327315305
"Electricity, gas, steam and air conditioning supply, and wasterwater",scen_structured_rand,-3045.1739507439393,-5342.635214743097,-3737.140529263031
Financial and insurance activities,scen_structured_rand,-27646.39799182251,-58966.02290286915,-37368.23309418434
Human health and social work activities,scen_structured_rand,-2210.401627049289,-2487.15208480475,-16231.87019387578
Land transport and transport via pipelines,scen_structured_rand,-3375.4527256961337,-5965.605236186,-4209.863989625887
"Manufacture of chemicals and chemical products, pharmaceutical",scen_structured_rand,-4395.789332014255,-7923.959488911764,-5144.329656149421
Manufacture of coke and refined petroleum products,scen_structured_rand,-4527.65664488285,-8146.126619960165,-1554.828521719218
"Manufacture of computer, electronic and optical products",scen_structured_rand,-860.2995197007468,-1613.8030996275916,-1339.2529400615708
Manufacture of electrical equipment,scen_structured_rand,-428.15538819693495,-702.6888079037856,-811.1887676203468
Manufacture of fabricated metal products,scen_structured_rand,-3074.539684388373,-5159.426443083732,-2922.2921600200207
Manufacture of food and beverage and tobacco products,scen_structured_rand,-1635.4930751326453,-2232.9782598895613,-7644.953011456748
Manufacture of furniture,scen_structured_rand,-2185.9066665293954,-2835.239600444859,-1788.7857188572987
Manufacture of machinery and equipment n.e.c. ,scen_structured_rand,-892.7996331444331,-1495.2492528776836,-2605.3665253896124
"Manufacture of motor vehicles, trailers and semi-trailers",scen_structured_rand,-1090.3857287893686,-1922.0292991457045,-5215.7305583225825
Manufacture of other non-metallic mineral products,scen_structured_rand,-1337.8018344996822,-2173.661622665853,-941.7194677937919
Manufacture of other transport equipment,scen_structured_rand,-824.4077063909502,-1231.9325798527414,-2020.5929382713814
Manufacture of paper and paper products,scen_structured_rand,-2491.7927877457028,-4810.419763196613,-2147.823020670227
Manufacture of rubber and plastic products,scen_structured_rand,-1800.882157502881,-2992.2988694989267,-1989.8885644884401
"Manufacture of textiles, wearing apparel, leather and related products",scen_structured_rand,-182.63497470807442,-284.02917939232793,-529.5668582769379
Manufacture of wood and of products of wood and cork,scen_structured_rand,-1301.70678406925,-2054.1761930872967,-738.4449416108025
"Mining, except oil & gas",scen_structured_rand,-974.603034559863,-1845.128529914481,-664.21948831936
Oil and gas extraction,scen_structured_rand,-2446.9729162010176,-4382.4572309940995,-1345.00109503555
Other services + wholesale/retail,scen_structured_rand,-14819.916440454208,-25397.629458764895,-31626.78549401858
"Professional, scientific and technical activities",scen_structured_rand,-25719.71194615111,-50704.425428001705,-17656.61765625123
Real estate activities,scen_structured_rand,-16093.388856492606,-29176.887550532607,-23374.64889618821
Support activities for mining,scen_structured_rand,-219.21602222384124,-397.2683697305939,-962.016528640924
T,scen_structured_rand,0.0,0.0,0.0
Warehousing and support activities for transportation,scen_structured_rand,-4914.243321190644,-9526.522673541302,-2952.309003456159
Water transport,scen_structured_rand,-263.209847249947,-477.9170276855906,-604.5812486980441
"broadcasting, telecommunications, data processing, publishing, information services, motion picture, video, television",scen_structured_rand,-18979.208771311067,-40198.71497574031,-16870.388790570414
primary metals,scen_structured_rand,-1763.0403412255775,-3688.3537758285884,-1876.1941213974185
Accommodation and food service activities,scen_random_0,-2283.5207210290523,-4400.981983525982,-7540.20517548677
Administrative and support service activities,scen_random_0,-14679.079174103244,-29327.3946731741,-8238.88364552922
"Agriculture, hunting, forestry, fishing and related",scen_random_0,-2422.547622770145,-3485.910874125702,-2097.4097346275066
Air transport,scen_random_0,-976.844139601613,-1957.5446523051935,-946.0889434701994
"Arts, entertainment and recreation activities",scen_random_0,-1112.6553056192995,-2224.9605750284327,-2115.340761717813
Construction,scen_random_0,-1990.4656861633168,-3486.7371620555614,-8080.215575630192
Education and public administration,scen_random_0,-9414.15451597038,-16168.326023145519,-22062.746727788184
"Electricity, gas, steam and air conditioning supply, and wasterwater",scen_random_0,-3008.365216907206,-5261.209351818954,-3567.8923516907953
Financial and insurance activities,scen_random_0,-25614.93978483998,-54721.66665679828,-39127.073088565456
Human health and social work activities,scen_random_0,-2191.0781375075594,-2460.606191767104,-16552.625179579856
Land transport and transport via pipelines,scen_random_0,-3364.7346519112734,-5946.944425442281,-3767.7098851938267
"Manufacture of chemicals and chemical products, pharmaceutical",scen_random_0,-4373.808695375062,-7893.940962677006,-5190.624729040077
Manufacture of coke and refined petroleum products,scen_random_0,-4526.487736079306,-8134.93501791387,-1279.312695928926
"Manufacture of computer, electronic and optical products",scen_random_0,-844.1191359898363,-1576.997106915079,-1306.1389152485203
Manufacture of electrical equipment,scen_random_0,-426.1424063982589,-698.3334966546347,-798.8245758689077
Manufacture of fabricated metal products,scen_random_0,-3054.648567528641,-5121.963220713736,-2852.065458531524
Manufacture of food and beverage and tobacco products,scen_random_0,-1624.6105659256775,-2227.391796335471,-6707.714867395413
Manufacture of furniture,scen_random_0,-2184.2199585548465,-2835.0221951419176,-1812.8091879246056
Manufacture of machinery and equipment n.e.c. ,scen_random_0,-886.3756112052505,-1482.2326757408634,-2403.1597141781162
"Manufacture of motor vehicles, trailers and semi-trailers",scen_random_0,-1102.2104057637857,-1946.5955871454698,-4323.078502988653
Manufacture of other non-metallic mineral products,scen_random_0,-1346.2969235043981,-2185.229964543388,-851.5849538083389
Manufacture of other transport equipment,scen_random_0,-827.1172225992842,-1231.263940145367,-1919.748403128033
Manufacture of paper and paper products,scen_random_0,-2513.3363602764152,-4845.639397733601,-2044.4989702873609
Manufacture of rubber and plastic products,scen_random_0,-1790.3190307811979,-2971.0810191504597,-1887.5566462101901
"Manufacture of textiles, wearing apparel, leather and related products",scen_random_0,-182.2023434985262,-282.842388632105,-506.5964170422918
Manufacture of wood and of products of wood and cork,scen_random_0,-1311.697268909932,-2067.569906748003,-617.5792617069881
"Mining, except oil & gas",scen_random_0,-974.2055774692647,-1844.8975372552097,-548.3570016034038
Oil and gas extraction,scen_random_0,-2431.978534658838,-4349.588036549309,-1124.633706214931
Other services + wholesale/retail,scen_random_0,-14351.688908665423,-24563.944391221907,-29816.31165141897
"Professional, scientific and technical activities",scen_random_0,-24731.50696119791,-48640.38847719042,-18395.73842205596
Real estate activities,scen_random_0,-15376.846623695206,-27735.975382730227,-22898.403307909408
Support activities for mining,scen_random_0,-217.80188363289213,-394.25089834170507,-838.8818664178824
T,scen_random_0,0.0,0.0,0.0
Warehousing and support activities for transportation,scen_random_0,-4879.592087977701,-9424.991233522507,-2733.448296463991
Water transport,scen_random_0,-263.7324041322023,-479.1187915772334,-622.3057765815237
"broadcasting, telecommunications, data processing, publishing, information services, motion picture, video, television",scen_random_0,-18103.8310219203,-38319.904629859615,-16486.93035833409
primary metals,scen_random_0,-1798.9963936467902,-3749.5367363742057,-1733.9726987386566
Accommodation and food service activities,scen_random_1,-2313.860122154409,-4462.889538379219,-8019.24285561295
Administrative and support service activities,scen_random_1,-15490.325344811876,-30945.721496991908,-8666.212817473464
"Agriculture, hunting, forestry, fishing and related",scen_random_1,-2439.9075622060523,-3476.955335524345,-2650.053114431034
Air transport,scen_random_1,-1009.309506292593,-2023.15246883658,-1010.1555868128961
"Arts, entertainment and recreation activities",scen_random_1,-1184.838147679901,-2371.783961075631,-2183.9456362763076
Construction,scen_random_1,-2062.4428214131094,-3627.63397247099,-8515.193961694886
Education and public administration,scen_random_1,-9540.835781496897,-16442.19068071597,-22543.116536905527
"Electricity, gas, steam and air conditioning supply, and wasterwater",scen_random_1,-3068.0726440453814,-5383.023061139225,-3673.804579620883
Financial and insurance activities,scen_random_1,-27719.503616191072,-59083.027973617034,-37903.75612882745
Human health and social work activities,scen_random_1,-2205.443221656949,-2484.289685023697,-16453.268328663868
Land transport and transport via pipelines,scen_random_1,-3372.456395725493,-5963.249177020451,-4042.773293418482
"Manufacture of chemicals and chemical products, pharmaceutical",scen_random_1,-4496.7491846869725,-8126.710114201792,-5120.94217354917
Manufacture of coke and refined petroleum products,scen_random_1,-4527.103323803011,-8144.749262781395,-1457.252768369309
"Manufacture of computer, electronic and optical products",scen_random_1,-858.6079281977718,-1607.547091985204,-1322.2168668568668
Manufacture of electrical equipment,scen_random_1,-428.63101800127106,-703.777940429589,-812.3933443278892
Manufacture of fabricated metal products,scen_random_1,-3122.805401337292,-5245.68456253313,-2916.979385610508
Manufacture of food and beverage and tobacco products,scen_random_1,-1616.6411936471425,-2201.501927051102,-7391.722940428569
Manufacture of furniture,scen_random_1,-2182.961632835667,-2836.0666420309435,-1803.3102505421518
Manufacture of machinery and equipment n.e.c. ,scen_random_1,-915.1333125596121,-1536.758847588466,-2561.966259485553
"Manufacture of motor vehicles, trailers and semi-trailers",scen_random_1,-1098.3250311526624,-1943.8637703143613,-5131.455875162277
Manufacture of other non-metallic mineral products,scen_random_1,-1333.458204251886,-2164.9349891338798,-906.2069718149962
Manufacture of other transport equipment,scen_random_1,-828.8934513569742,-1236.6281263891078,-1967.9769348445202
Manufacture of paper and paper products,scen_random_1,-2511.6562585132247,-4845.254332886355,-2125.9697565482224
Manufacture of rubber and plastic products,scen_random_1,-1829.0055927591568,-3041.7224811037063,-2012.3257553030994
"Manufacture of textiles, wearing apparel, leather and related products",scen_random_1,-182.3781759192628,-283.77969691092056,-526.584868425571
Manufacture of wood and of products of wood and cork,scen_random_1,-1305.6161114654078,-2060.3138817478075,-707.2006677460776
"Mining, except oil & gas",scen_random_1,-973.4683646352914,-1844.9036136834184,-618.4566608916587
Oil and gas extraction,scen_random_1,-2425.961205729955,-4345.480066151684,-1242.7038159108538
Other services + wholesale/retail,scen_random_1,-14682.133584116109,-25172.65888519562,-31177.088399828855
"Professional, scientific and technical activities",scen_random_1,-25137.72414380411,-49497.8874291988,-18069.35201830933
Real estate activities,scen_random_1,-16083.070635729122,-29129.072727529703,-23381.941892252606
Support activities for mining,scen_random_1,-216.2569073152642,-392.07602542176284,-913.5313337862501
T,scen_random_1,0.0,0.0,0.0
Warehousing and support activities for transportation,scen_random_1,-4856.431576578246,-9399.763679739393,-2889.1127063445274
Water transport,scen_random_1,-259.789112240715,-471.6398103929957,-623.9452221247186
"broadcasting, telecommunications, data processing, publishing, information services, motion picture, video, television",scen_random_1,-18484.7815696308,-39096.793347636194,-16715.414351709394
primary metals,scen_random_1,-1773.243599177782,-3718.941833731629,-1827.5873538332248
Accommodation and food service activities,scen_random_2,-2314.810464030963,-4465.881870044106,-7828.501814112062
Administrative and support service activities,scen_random_2,-15409.389642632155,-30766.5482544313,-8612.31917142651
"Agriculture, hunting, forestry, fishing and related",scen_random_2,-2444.148362177959,-3486.112246930158,-2508.808403921559
Air transport,scen_random_2,-1027.4461600207844,-2057.643639598786,-988.168524319366
"Arts, entertainment and recreation activities",scen_random_2,-1125.0136782569018,-2249.566513846081,-2159.466776510767
Construction,scen_random_2,-2067.161038755965,-3632.077897096788,-8411.41444773661
Education and public administration,scen_random_2,-9459.186381913305,-16270.384854096215,-22404.95377462021
"Electricity, gas, steam and air conditioning supply, and wasterwater",scen_random_2,-3056.0178591450886,-5354.13626389738,-3662.899941514008
Financial and insurance activities,scen_random_2,-27530.875864810885,-58641.81260808482,-38204.413239519774
Human health and social work activities,scen_random_2,-2194.774016166739,-2467.678919459293,-16573.89640259879
Land transport and transport via pipelines,scen_random_2,-3352.4682326538414,-5920.215970054113,-3995.2603539625784
"Manufacture of chemicals and chemical products, pharmaceutical",scen_random_2,-4555.02354098806,-8223.697184138075,-5083.520589049036
Manufacture of coke and refined petroleum products,scen_random_2,-4528.865051963628,-8140.990616073768,-1405.9477202159928
"Manufacture of computer, electronic and optical products",scen_random_2,-849.231225315286,-1587.7089871215508,-1321.3208138390535
Manufacture of electrical equipment,scen_random_2,-430.48371808271366,-705.588885424562,-816.356586293729
Manufacture of fabricated metal products,scen_random_2,-3056.857760928805,-5123.930069695931,-2932.4278546702403
Manufacture of food and beverage and tobacco products,scen_random_2,-1619.4047455822863,-2209.9069178900872,-7021.381289775918
Manufacture of furniture,scen_random_2,-2180.323421730048,-2831.6717727748587,-1827.4743624061678
Manufacture of machinery and equipment n.e.c. ,scen_random_2,-892.4623525929621,-1492.383136043159,-2495.140045443959
"Manufacture of motor vehicles, trailers and semi-trailers",scen_random_2,-1091.602756100381,-1920.2199639237924,-4734.997766015204
Manufacture of other non-metallic mineral products,scen_random_2,-1361.649265504778,-2211.9576570637246,-908.0309136953521
Manufacture of other transport equipment,scen_random_2,-817.2913307500985,-1217.3155793311753,-1943.675744010321
Manufacture of paper and paper products,scen_random_2,-2501.4098698612747,-4823.759145102174,-2105.5963354535975
Manufacture of rubber and plastic products,scen_random_2,-1802.6733138631696,-2992.3159948713947,-2009.0434653606699
"Manufacture of textiles, wearing apparel, leather and related products",scen_random_2,-182.79717581187592,-283.85303788641465,-521.5209747404722
Manufacture of wood and of products of wood and cork,scen_random_2,-1306.0488503864653,-2057.147175880752,-672.827044829964
"Mining, except oil & gas",scen_random_2,-979.0999991310998,-1853.5938717411755,-577.2010031690543
Oil and gas extraction,scen_random_2,-2434.1772700988595,-4356.202332356884,-1181.9730205583298
Other services + wholesale/retail,scen_random_2,-14560.697527574359,-24937.662503272622,-30972.959098163832
"Professional, scientific and technical activities",scen_random_2,-24949.18262190422,-49120.98035594846,-18119.53544355436
Real estate activities,scen_random_2,-15950.704545207007,-28848.66895139553,-23323.324809208632
Support activities for mining,scen_random_2,-216.87353966827146,-392.8333413584746,-909.4650425452064
T,scen_random_2,0.0,0.0,0.0
Warehousing and support activities for transportation,scen_random_2,-4866.539154742618,-9409.245063168762,-2852.295262703328
Water transport,scen_random_2,-262.0572763223855,-475.5172633034564,-623.7928218681986
"broadcasting, telecommunications, data processing, publishing, information services, motion picture, video, television",scen_random_2,-18499.722670404553,-39121.09318229347,-16644.366120659517
primary metals,scen_random_2,-1774.297164281892,-3700.968827899028,-1813.0163341653356
