build,origin,share_to_CA
g0.1,AK,0.10704282051036228
g0.1,AL,0.08720264177246884
g0.1,AR,0.0885062969265278
g0.1,AZ,0.12354794203878756
g0.1,CA,0.0
g0.1,CO,0.11736757306902916
g0.1,CT,0.08320525469442198
g0.1,DC,0.06134608131285364
g0.1,DE,0.07767844397435954
g0.1,FL,0.0886292208200848
g0.1,GA,0.0892885459444652
g0.1,HI,0.08054323080472647
g0.1,IA,0.08986447416022408
g0.1,ID,0.1179928158423781
g0.1,IL,0.08550085559340474
g0.1,IN,0.07844943715611222
g0.1,KS,0.08143705643153992
g0.1,KY,0.08181772546674924
g0.1,LA,0.0521863296866021
g0.1,MA,0.11305727027973936
g0.1,MD,0.09608209636483811
g0.1,ME,0.08642318182712617
g0.1,MI,0.08898087167789348
g0.1,MN,0.10111999389048966
g0.1,MO,0.08807161472298668
g0.1,MS,0.07979343421492702
g0.1,MT,0.06558362654502603
g0.1,NC,0.08924301514365897
g0.1,ND,0.09980012779229865
g0.1,NE,0.08425787609904482
g0.1,NH,0.09603799603371137
g0.1,NJ,0.07876219736253871
g0.1,NM,0.09824561051672466
g0.1,NV,0.12577172089676839
g0.1,NY,0.09860527771539701
g0.1,OH,0.08297184233153268
g0.1,OK,0.09871589690271568
g0.1,OR,0.1569866215679679
g0.1,PA,0.08565003798528945
g0.1,RI,0.08710772206954796
g0.1,SC,0.09295272429416616
g0.1,SD,0.0861072341494647
g0.1,TN,0.08484766175273287
g0.1,TX,0.09249279450521392
g0.1,UT,0.10135719096745424
g0.1,VA,0.08301072012256035
g0.1,VT,0.08108990100363278
g0.1,WA,0.10468216692618318
g0.1,WI,0.09465981038333893
g0.1,WV,0.08251593580194588
g0.1,WY,0.09446347398802618
g0.25,AK,0.1224201494988721
g0.25,AL,0.08386523485236506
g0.25,AR,0.08852489891337305
g0.25,AZ,0.14446397143390652
g0.25,CA,0.0
g0.25,CO,0.12837468115337106
g0.25,CT,0.07552837929691926
g0.25,DC,0.05581397459569247
g0.25,DE,0.07059867214646856
g0.25,FL,0.08608758834963945
g0.25,GA,0.08544309478835775
g0.25,HI,0.09568482138674395
g0.25,IA,0.09076803115507293
g0.25,ID,0.14785595516948832
g0.25,IL,0.08391569908903176
g0.25,IN,0.07474731776497598
g0.25,KS,0.08227835438187059
g0.25,KY,0.07692342786052811
g0.25,LA,0.05207938259460219
g0.25,MA,0.10484532881326573
g0.25,MD,0.0868527962603443
g0.25,ME,0.08243274731776169
g0.25,MI,0.08698422433787295
g0.25,MN,0.10240139486658863
g0.25,MO,0.08790517916230978
g0.25,MS,0.07868346669940116
g0.25,MT,0.0759926145894524
g0.25,NC,0.08379558430260428
g0.25,ND,0.10610435422588267
g0.25,NE,0.08692177262290096
g0.25,NH,0.08974735659785806
g0.25,NJ,0.07284748352652942
g0.25,NM,0.10647246518078296
g0.25,NV,0.18613315633822447
g0.25,NY,0.09325731367965176
g0.25,OH,0.07807713644949102
g0.25,OK,0.09914555589789743
g0.25,OR,0.1969160333074074
g0.25,PA,0.07969543828000851
g0.25,RI,0.07957039423155843
g0.25,SC,0.08846359605313206
g0.25,SD,0.09244379772848527
g0.25,TN,0.08216133308890293
g0.25,TX,0.09570773851184255
g0.25,UT,0.12361457369498527
g0.25,VA,0.07713269472923996
g0.25,VT,0.0754718755471307
g0.25,WA,0.13010955852856726
g0.25,WI,0.09383293503903099
g0.25,WV,0.07430902670653605
g0.25,WY,0.09903964305616782
g0.5,AK,0.1502680805906941
g0.5,AL,0.07721344195853534
g0.5,AR,0.08746984727097248
g0.5,AZ,0.18196745031517667
g0.5,CA,0.0
g0.5,CO,0.14667420738731185
g0.5,CT,0.06120174486365372
g0.5,DC,0.046170630607780615
g0.5,DE,0.0580904256961829
g0.5,FL,0.080860856098832
g0.5,GA,0.07848903796761897
g0.5,HI,0.12512895302249458
g0.5,IA,0.09117071006456429
g0.5,ID,0.20605877552470128
g0.5,IL,0.08065958595435364
g0.5,IN,0.06832088158299392
g0.5,KS,0.08242990594874476
g0.5,KY,0.06885018737732522
g0.5,LA,0.0511995964041863
g0.5,MA,0.0888937717927883
g0.5,MD,0.07067494531303342
g0.5,ME,0.0742291468193852
g0.5,MI,0.08338097278152876
g0.5,MN,0.1033441314773619
g0.5,MO,0.08668277140384635
g0.5,MS,0.0757033494406872
g0.5,MT,0.09440126291852152
g0.5,NC,0.07449607933384982
g0.5,ND,0.11593384002116602
g0.5,NE,0.08989059835077066
g0.5,NH,0.07664235468879309
g0.5,NJ,0.062159311758583934
g0.5,NM,0.11955001241763334
g0.5,NV,0.320181844319994
g0.5,NY,0.08269954870078838
g0.5,OH,0.06994817398471351
g0.5,OK,0.0991389201734148
g0.5,OR,0.272381716260812
g0.5,PA,0.0691090807144694
g0.5,RI,0.06473064854374397
g0.5,SC,0.08060825293060833
g0.5,SD,0.10203245769903353
g0.5,TN,0.07737916861041277
g0.5,TX,0.10090969687190009
g0.5,UT,0.16583473198233722
g0.5,VA,0.0670089053677967
g0.5,VT,0.06460678254534317
g0.5,WA,0.17888640481409665
g0.5,WI,0.09169690445053831
g0.5,WV,0.06133382658986115
g0.5,WY,0.10449558615624505
g0.75,AK,0.1800862195479916
g0.75,AL,0.0696790962784122
g0.75,AR,0.08535788225394475
g0.75,AZ,0.2209139371621662
g0.75,CA,0.0
g0.75,CO,0.1641404250092187
g0.75,CT,0.04673725454770071
g0.75,DC,0.03687845608683095
g0.75,DE,0.04593909944417994
g0.75,FL,0.07484032737610226
g0.75,GA,0.07131785261121219
g0.75,HI,0.1597949058282491
g0.75,IA,0.09036011302595112
g0.75,ID,0.2711174392929252
g0.75,IL,0.0769408566621461
g0.75,IN,0.061905266232994034
g0.75,KS,0.0811433804887383
g0.75,KY,0.06130194580099733
g0.75,LA,0.04942253992195838
g0.75,MA,0.07176666726137167
g0.75,MD,0.054965704377282286
g0.75,ME,0.06490486033794451
g0.75,MI,0.07974859092014128
g0.75,MN,0.10293045779615567
g0.75,MO,0.08454767370448497
g0.75,MS,0.07156348018973326
g0.75,MT,0.11350264290333842
g0.75,NC,0.06551610456231201
g0.75,ND,0.12477139508462737
g0.75,NE,0.09095723705697338
g0.75,NH,0.06176779528530716
g0.75,NJ,0.051435643695888926
g0.75,NM,0.13163033965802334
g0.75,NV,0.47302358115927795
g0.75,NY,0.07106430147263358
g0.75,OH,0.06228106819278292
g0.75,OK,0.09817276560790622
g0.75,OR,0.34989182585751194
g0.75,PA,0.05860081646160365
g0.75,RI,0.048955519271397754
g0.75,SC,0.07279536018096033
g0.75,SD,0.10998813308657945
g0.75,TN,0.07256096116750173
g0.75,TX,0.1059072019695468
g0.75,UT,0.2125057762834879
g0.75,VA,0.057209539432145316
g0.75,VT,0.05305457684487875
g0.75,WA,0.23170883061075465
g0.75,WI,0.0889654209908888
g0.75,WV,0.04996586504886286
g0.75,WY,0.10736915474805896
g1.0,AK,0.21073054076669848
g1.0,AL,0.06201251172966043
g1.0,AR,0.08274280777785555
g1.0,AZ,0.25925703803974276
g1.0,CA,0.0
g1.0,CO,0.18012615501649065
g1.0,CT,0.034031981642395584
g1.0,DC,0.028795133730218154
g1.0,DE,0.03533897930097492
g1.0,FL,0.0687360111516036
g1.0,GA,0.06453533835375999
g1.0,HI,0.19950518102676343
g1.0,IA,0.08881627410732446
g1.0,ID,0.3377900138600774
g1.0,IL,0.07327125270292746
g1.0,IN,0.05594982946492121
g1.0,KS,0.07887162935783082
g1.0,KY,0.054698168390794444
g1.0,LA,0.046883566771698644
g1.0,MA,0.05554942941462473
g1.0,MD,0.04119928385780103
g1.0,ME,0.05556151914954843
g1.0,MI,0.07653022548180283
g1.0,MN,0.10168623789386658
g1.0,MO,0.0820148018874337
g1.0,MS,0.0667393378807933
g1.0,MT,0.1327365088499407
g1.0,NC,0.057501776963410633
g1.0,ND,0.13263706980793344
g1.0,NE,0.09048565851617407
g1.0,NH,0.04728891769944821
g1.0,NJ,0.041691244664245404
g1.0,NM,0.14275992265061732
g1.0,NV,0.6103130589082885
g1.0,NY,0.059619796312850956
g1.0,OH,0.055551045166985065
g1.0,OK,0.09633531504348229
g1.0,OR,0.4179649525195148
g1.0,PA,0.049109369693852135
g1.0,RI,0.03470147375207783
g1.0,SC,0.06559839288211995
g1.0,SD,0.11622706864300955
g1.0,TN,0.06818027245888159
g1.0,TX,0.11084943834886402
g1.0,UT,0.26115142222816584
g1.0,VA,0.04846245701881649
g1.0,VT,0.042169418827386645
g1.0,WA,0.2825802847480655
g1.0,WI,0.08623063312432942
g1.0,WV,0.040621079401671666
g1.0,WY,0.10805011878738761
g1.25,AK,0.2408713070766727
g1.25,AL,0.05485408830279002
g1.25,AR,0.08010667587497843
g1.25,AZ,0.29518137791553917
g1.25,CA,0.0
g1.25,CO,0.19416800507420842
g1.25,CT,0.024037970904436056
g1.25,DC,0.022349197581981565
g1.25,DE,0.026812078857258323
g1.25,FL,0.06311926287896266
g1.25,GA,0.058538970307633026
g1.25,HI,0.243423923667435
g1.25,IA,0.08708567469352949
g1.25,ID,0.4011825588320996
g1.25,IL,0.07006067950265128
g1.25,IN,0.05075384178294913
g1.25,KS,0.07619240457118241
g1.25,KY,0.04921011622622201
g1.25,LA,0.04381113746773266
g1.25,MA,0.041684611856442
g1.25,MD,0.030127346619437584
g1.25,ME,0.047034558324826614
g1.25,MI,0.07403666576034142
g1.25,MN,0.10024525823582382
g1.25,MO,0.07954468823442136
g1.25,MS,0.061670795614743125
g1.25,MT,0.1516571351895093
g1.25,NC,0.050807746314707046
g1.25,ND,0.1395777440236164
g1.25,NE,0.08904337089414019
g1.25,NH,0.034847367420595486
g1.25,NJ,0.03342670355937596
g1.25,NM,0.15307734445696639
g1.25,NV,0.7146260678565018
g1.25,NY,0.04928490748921336
g1.25,OH,0.05000176620953944
g1.25,OK,0.09377385062686089
g1.25,OR,0.4692378195619725
g1.25,PA,0.041121716688491
g1.25,RI,0.023491820857857382
g1.25,SC,0.05931548490144166
g1.25,SD,0.12086863000544747
g1.25,TN,0.06455148820682763
g1.25,TX,0.1159423169205514
g1.25,UT,0.30921605852844425
g1.25,VA,0.041110736437469715
g1.25,VT,0.03279413238930137
g1.25,WA,0.32601881999177573
g1.25,WI,0.08398796478448488
g1.25,WV,0.03328046605120972
g1.25,WY,0.10682833742163952
g1.5,AK,0.26913498482817966
g1.5,AL,0.04855071249392463
g1.5,AR,0.07769651149966376
g1.5,AZ,0.32717966145447813
g1.5,CA,0.0
g1.5,CO,0.20590185502058467
g1.5,CT,0.016753025506547413
g1.5,DC,0.017561000980266417
g1.5,DE,0.02028954547635809
g1.5,FL,0.05825422114835912
g1.5,GA,0.05344630652713846
g1.5,HI,0.28962808168733734
g1.5,IA,0.0855867226220675
g1.5,ID,0.45785475684336985
g1.5,IL,0.06749962938932974
g1.5,IN,0.04639523126929766
g1.5,KS,0.07358573212526069
g1.5,KY,0.044771047417471406
g1.5,LA,0.04042453511501361
g1.5,MA,0.03071196324436889
g1.5,MD,0.021763226761519344
g1.5,ME,0.03971832189619226
g1.5,MI,0.07236733174509605
g1.5,MN,0.0991294022457072
g1.5,MO,0.07738923618234941
g1.5,MS,0.056630522997273156
g1.5,MT,0.16986358810732388
g1.5,NC,0.04546801654577649
g1.5,ND,0.14554350578688308
g1.5,NE,0.08712751721005933
g1.5,NH,0.025100474596688925
g1.5,NJ,0.026680940036356012
g1.5,NM,0.1626836226079441
g1.5,NV,0.787506388933218
g1.5,NY,0.04046938863449955
g1.5,OH,0.04561927916382055
g1.5,OK,0.09062057248027765
g1.5,OR,0.5025117260189054
g1.5,PA,0.03467747630203239
g1.5,RI,0.015541705986880249
g1.5,SC,0.05396752991392598
g1.5,SD,0.12399238122156818
g1.5,TN,0.061758762728027446
g1.5,TX,0.12131591512837608
g1.5,UT,0.3543061762746522
g1.5,VA,0.035134326618010754
g1.5,VT,0.025193165997105152
g1.5,WA,0.3591311300259817
g1.5,WI,0.08250030294721743
g1.5,WV,0.027675620724273573
g1.5,WY,0.1039192139726175
g2.0,AK,0.3157034335164106
g2.0,AL,0.0386597400475394
g2.0,AR,0.07354154563566448
g2.0,AZ,0.3762798555391496
g2.0,CA,0.0
g2.0,CO,0.2218986322918649
g2.0,CT,0.008216234464044321
g2.0,DC,0.011938345059079727
g2.0,DE,0.011820115230271572
g2.0,FL,0.05068869642423379
g2.0,GA,0.045631189446537324
g2.0,HI,0.3777397947435027
g2.0,IA,0.08412137800204636
g2.0,ID,0.5465678764375359
g2.0,IL,0.06434505911928057
g2.0,IN,0.039870487976857216
g2.0,KS,0.06952341298054616
g2.0,KY,0.03826186942519395
g2.0,LA,0.03335823747389799
g2.0,MA,0.01660224123460625
g2.0,MD,0.01137470200604384
g2.0,ME,0.02872223430191376
g2.0,MI,0.07124205466765732
g2.0,MN,0.099148831046877
g2.0,MO,0.07415541438533418
g2.0,MS,0.04701902406955995
g2.0,MT,0.20279057596309732
g2.0,NC,0.038143624477574564
g2.0,ND,0.15400819485879402
g2.0,NE,0.08304393476612099
g2.0,NH,0.012832356538519014
g2.0,NJ,0.016974478683642272
g2.0,NM,0.18009391521927728
g2.0,NV,0.8713393350262687
g2.0,NY,0.027369019858287873
g2.0,OH,0.03965217432349171
g2.0,OK,0.08294162742972462
g2.0,OR,0.5279784767018074
g2.0,PA,0.025534239737564676
g2.0,RI,0.006881662214751782
g2.0,SC,0.0455570094878197
g2.0,SD,0.12564904267652097
g2.0,TN,0.05833079135610549
g2.0,TX,0.13280284001359247
g2.0,UT,0.429698954739633
g2.0,VA,0.02643865203223078
g2.0,VT,0.014756124498848194
g2.0,WA,0.3963063818021775
g2.0,WI,0.08193441310082746
g2.0,WV,0.02026580832532619
g2.0,WY,0.0948838713911533
g2.5,AK,0.3459310643174915
g2.5,AL,0.0316805768869197
g2.5,AR,0.0694548452541053
g2.5,AZ,0.4068110292505837
g2.5,CA,0.0
g2.5,CO,0.2294426048674997
g2.5,CT,0.004260394876843256
g2.5,DC,0.009528480877438017
g2.5,DE,0.007159879275709317
g2.5,FL,0.04509576881712625
g2.5,GA,0.04006932037586636
g2.5,HI,0.44377328521006587
g2.5,IA,0.08490091442741537
g2.5,ID,0.6069900139894958
g2.5,IL,0.06327154667371765
g2.5,IN,0.035481539395408816
g2.5,KS,0.0670162111221898
g2.5,KY,0.033669943045790664
g2.5,LA,0.026636307487366742
g2.5,MA,0.00957781325670034
g2.5,MD,0.006161010165490865
g2.5,ME,0.02157415518624476
g2.5,MI,0.07230806564898563
g2.5,MN,0.1027918070541861
g2.5,MO,0.07178577790563898
g2.5,MS,0.03813264856562537
g2.5,MT,0.22965935584523503
g2.5,NC,0.03385156768420619
g2.5,ND,0.15715740839157014
g2.5,NE,0.0792374953888489
g2.5,NH,0.006830116413066234
g2.5,NJ,0.01087289365659194
g2.5,NM,0.19573826522092233
g2.5,NV,0.9125966091130843
g2.5,NY,0.01911601608539654
g2.5,OH,0.036117168643820696
g2.5,OK,0.07403275498029824
g2.5,OR,0.5232483602910565
g2.5,PA,0.019756371946403013
g2.5,RI,0.003397706781898803
g2.5,SC,0.03930134015725555
g2.5,SD,0.12129657091030116
g2.5,TN,0.05684988417946448
g2.5,TX,0.1442453167798017
g2.5,UT,0.48428843153739237
g2.5,VA,0.020616876549006593
g2.5,VT,0.008915123712916525
g2.5,WA,0.40806356828152507
g2.5,WI,0.08397780746272497
g2.5,WV,0.015911747266742913
g2.5,WY,0.08607005040490669
g3.0,AK,0.35956608308707433
g3.0,AL,0.02682973828279409
g3.0,AR,0.06446449319460229
g3.0,AZ,0.42439440508431586
g3.0,CA,0.0
g3.0,CO,0.23126532644327868
g3.0,CT,0.002459879577760166
g3.0,DC,0.008624502258740941
g3.0,DE,0.0046213401968955865
g3.0,FL,0.041354255674533706
g3.0,GA,0.03608202378418019
g3.0,HI,0.4632743753351752
g3.0,IA,0.08705520087440692
g3.0,ID,0.6480721118335143
g3.0,IL,0.06342677043158707
g3.0,IN,0.03251341396190975
g3.0,KS,0.06502000753431561
g3.0,KY,0.03010048124121646
g3.0,LA,0.020824455927376546
g3.0,MA,0.006550836121617286
g3.0,MD,0.003577322560681457
g3.0,ME,0.018558136715628618
g3.0,MI,0.07495035142020386
g3.0,MN,0.10878319535247412
g3.0,MO,0.06924509896270366
g3.0,MS,0.0300526179512831
g3.0,MT,0.2500229439969168
g3.0,NC,0.031938573529008696
g3.0,ND,0.15492385914633425
g3.0,NE,0.07520691909042128
g3.0,NH,0.004148712441127039
g3.0,NJ,0.0072060391271477715
g3.0,NM,0.20951079569071193
g3.0,NV,0.9338889035287223
g3.0,NY,0.015156879262091463
g3.0,OH,0.0340663262007102
g3.0,OK,0.0644901182209309
g3.0,OR,0.506411272853918
g3.0,PA,0.01630598451406951
g3.0,RI,0.0020920408214971766
g3.0,SC,0.03528907187496934
g3.0,SD,0.11159024713812751
g3.0,TN,0.05643037425794967
g3.0,TX,0.1541335572378263
g3.0,UT,0.5219388365131887
g3.0,VA,0.01670653029971931
g3.0,VT,0.006061470920633858
g3.0,WA,0.4068009282347999
g3.0,WI,0.08744508898206621
g3.0,WV,0.013182655577517329
g3.0,WY,0.08088844436387885
scen_economic,AK,0.34630683435710174
scen_economic,AL,0.03176773477110035
scen_economic,AR,0.06958180286648027
scen_economic,AZ,0.4070767902394461
scen_economic,CA,0.0
scen_economic,CO,0.22972860356106903
scen_economic,CT,0.004286156978896663
scen_economic,DC,0.009537955427833502
scen_economic,DE,0.00718845163741358
scen_economic,FL,0.045208676093664364
scen_economic,GA,0.040146701105692226
scen_economic,HI,0.4440425023802678
scen_economic,IA,0.0850475613451538
scen_economic,ID,0.6072213644834744
scen_economic,IL,0.06341347928848996
scen_economic,IN,0.03557689665370382
scen_economic,KS,0.06712227586464767
scen_economic,KY,0.03374763836922624
scen_economic,LA,0.026697621277046345
scen_economic,MA,0.009632530607974156
scen_economic,MD,0.006193540549615966
scen_economic,ME,0.021684498550247813
scen_economic,MI,0.07245343922132892
scen_economic,MN,0.10299374063316812
scen_economic,MO,0.07190823270466785
scen_economic,MS,0.03819287503811808
scen_economic,MT,0.23001262805598735
scen_economic,NC,0.03394443885975559
scen_economic,ND,0.1574052372875945
scen_economic,NE,0.07935497372202063
scen_economic,NH,0.006867535069082036
scen_economic,NJ,0.010934925142241099
scen_economic,NM,0.19605944375537768
scen_economic,NV,0.9127756494879696
scen_economic,NY,0.019215083569404413
scen_economic,OH,0.03622994432152211
scen_economic,OK,0.07419020573604068
scen_economic,OR,0.5232133535052854
scen_economic,PA,0.019871652653714367
scen_economic,RI,0.003412217621250862
scen_economic,SC,0.03943196058857783
scen_economic,SD,0.12147169542886824
scen_economic,TN,0.05695467309718614
scen_economic,TX,0.1445129310802639
scen_economic,UT,0.4844861103556648
scen_economic,VA,0.020678386445510337
scen_economic,VT,0.008951804414352083
scen_economic,WA,0.40825690344823534
scen_economic,WI,0.08416966647225331
scen_economic,WV,0.015978325266027837
scen_economic,WY,0.08622527577819912
scen_structured_rand,AK,0.3448420651196168
scen_structured_rand,AL,0.03256592819259207
scen_structured_rand,AR,0.07076130689252194
scen_structured_rand,AZ,0.39096218601186095
scen_structured_rand,CA,0.0
scen_structured_rand,CO,0.2346758926598311
scen_structured_rand,CT,0.005703962121228224
scen_structured_rand,DC,0.009899246457528241
scen_structured_rand,DE,0.010429919006149653
scen_structured_rand,FL,0.045781081262603815
scen_structured_rand,GA,0.04143775487524547
scen_structured_rand,HI,0.40554089860605524
scen_structured_rand,IA,0.08362870961849377
scen_structured_rand,ID,0.599108924822869
scen_structured_rand,IL,0.0618588824288197
scen_structured_rand,IN,0.03499027577255841
scen_structured_rand,KS,0.06649879674723948
scen_structured_rand,KY,0.03373235514974481
scen_structured_rand,LA,0.026403082926295743
scen_structured_rand,MA,0.014823118304737147
scen_structured_rand,MD,0.008703624767796054
scen_structured_rand,ME,0.024737105027034252
scen_structured_rand,MI,0.07269588065715134
scen_structured_rand,MN,0.10517318448011943
scen_structured_rand,MO,0.07186784143587899
scen_structured_rand,MS,0.03795490504606387
scen_structured_rand,MT,0.2269361469894847
scen_structured_rand,NC,0.034586969561734106
scen_structured_rand,ND,0.15253462635501866
scen_structured_rand,NE,0.0766255273452785
scen_structured_rand,NH,0.01013139982051439
scen_structured_rand,NJ,0.01203451354536476
scen_structured_rand,NM,0.19551547912415795
scen_structured_rand,NV,0.9191770543139594
scen_structured_rand,NY,0.02328030973952373
scen_structured_rand,OH,0.03575296695467051
scen_structured_rand,OK,0.07396797302602355
scen_structured_rand,OR,0.5135014300974745
scen_structured_rand,PA,0.02166526633651205
scen_structured_rand,RI,0.0052743180119999376
scen_structured_rand,SC,0.040342356066909994
scen_structured_rand,SD,0.1153428665662134
scen_structured_rand,TN,0.056316056922719196
scen_structured_rand,TX,0.14685070585149942
scen_structured_rand,UT,0.4741303296113001
scen_structured_rand,VA,0.023841120735490478
scen_structured_rand,VT,0.011269118960754236
scen_structured_rand,WA,0.4049782707026678
scen_structured_rand,WI,0.0828766418682747
scen_structured_rand,WV,0.015480772563193513
scen_structured_rand,WY,0.0860217217006594
scen_random_0,AK,0.31205213527870856
scen_random_0,AL,0.05885711828338445
scen_random_0,AR,0.07879892311644623
scen_random_0,AZ,0.2950333756835569
scen_random_0,CA,0.0
scen_random_0,CO,0.2169751608148412
scen_random_0,CT,0.027819229182580587
scen_random_0,DC,0.022148750254686426
scen_random_0,DE,0.03808259485767304
scen_random_0,FL,0.06436002925808997
scen_random_0,GA,0.06625849764414835
scen_random_0,HI,0.2709181140748904
scen_random_0,IA,0.09031537219728601
scen_random_0,ID,0.36277547943874405
scen_random_0,IL,0.06949265173802875
scen_random_0,IN,0.053600412132443695
scen_random_0,KS,0.08341361401341671
scen_random_0,KY,0.058498410131087156
scen_random_0,LA,0.0348006702355685
scen_random_0,MA,0.024047700339804728
scen_random_0,MD,0.021389309959010946
scen_random_0,ME,0.05495422584227679
scen_random_0,MI,0.07858984446558191
scen_random_0,MN,0.1000088926907213
scen_random_0,MO,0.07744052959711005
scen_random_0,MS,0.060045545485349336
scen_random_0,MT,0.1640108873723453
scen_random_0,NC,0.05256541214622141
scen_random_0,ND,0.15365915825915658
scen_random_0,NE,0.09147862138402318
scen_random_0,NH,0.022826178479731046
scen_random_0,NJ,0.024393857602753293
scen_random_0,NM,0.19108755667676305
scen_random_0,NV,0.6891788929535368
scen_random_0,NY,0.0417122605674315
scen_random_0,OH,0.05360641939688359
scen_random_0,OK,0.07915751649464307
scen_random_0,OR,0.4532980004215108
scen_random_0,PA,0.04106022702263103
scen_random_0,RI,0.0226663714804463
scen_random_0,SC,0.05458134898763815
scen_random_0,SD,0.12659700954519798
scen_random_0,TN,0.07021136368570594
scen_random_0,TX,0.12139023305249051
scen_random_0,UT,0.3203193836571194
scen_random_0,VA,0.05146917247049306
scen_random_0,VT,0.03626437775902853
scen_random_0,WA,0.24352451222891175
scen_random_0,WI,0.08814780987062105
scen_random_0,WV,0.026778502012279475
scen_random_0,WY,0.10292075129241605
scen_random_1,AK,0.14681898446170452
scen_random_1,AL,0.054847627529610345
scen_random_1,AR,0.07727246334797737
scen_random_1,AZ,0.3164642767948169
scen_random_1,CA,0.0
scen_random_1,CO,0.16474867956481304
scen_random_1,CT,0.028109383612736228
scen_random_1,DC,0.017116827409970562
scen_random_1,DE,0.021105439872364382
scen_random_1,FL,0.05865202269063014
scen_random_1,GA,0.055870179908630045
scen_random_1,HI,0.29564852623487675
scen_random_1,IA,0.08289465849236942
scen_random_1,ID,0.44992302332614026
scen_random_1,IL,0.07240157443430355
scen_random_1,IN,0.05536453280685471
scen_random_1,KS,0.07284737208346351
scen_random_1,KY,0.05145746088584113
scen_random_1,LA,0.04495468966756615
scen_random_1,MA,0.0342089476889804
scen_random_1,MD,0.02687577338860502
scen_random_1,ME,0.04277662701245347
scen_random_1,MI,0.07888182539056197
scen_random_1,MN,0.09300249790721524
scen_random_1,MO,0.07697477154738867
scen_random_1,MS,0.059497372934884316
scen_random_1,MT,0.14173828445196768
scen_random_1,NC,0.04898566019039603
scen_random_1,ND,0.1146552371869364
scen_random_1,NE,0.08247516719464074
scen_random_1,NH,0.04018191117980311
scen_random_1,NJ,0.033420027652595115
scen_random_1,NM,0.11582616427804135
scen_random_1,NV,0.7836603139549938
scen_random_1,NY,0.04592382111448535
scen_random_1,OH,0.05570400480608128
scen_random_1,OK,0.10052228150480823
scen_random_1,OR,0.4936672340984658
scen_random_1,PA,0.04250442158038778
scen_random_1,RI,0.02563175098862763
scen_random_1,SC,0.06116392862874909
scen_random_1,SD,0.1081950446676022
scen_random_1,TN,0.0683084168456166
scen_random_1,TX,0.11495196582115423
scen_random_1,UT,0.29216379041634977
scen_random_1,VA,0.03608555581817953
scen_random_1,VT,0.031767229939863265
scen_random_1,WA,0.3163217616314265
scen_random_1,WI,0.0847584464264255
scen_random_1,WV,0.04662600892086842
scen_random_1,WY,0.06657897922153835
scen_random_2,AK,0.24250749070485822
scen_random_2,AL,0.04253741251150497
scen_random_2,AR,0.07407261907190534
scen_random_2,AZ,0.349503705722319
scen_random_2,CA,0.0
scen_random_2,CO,0.18291377408504966
scen_random_2,CT,0.023132444802974432
scen_random_2,DC,0.03735626538014061
scen_random_2,DE,0.024335124297276706
scen_random_2,FL,0.05916893715219019
scen_random_2,GA,0.05248470788486853
scen_random_2,HI,0.21842556321372608
scen_random_2,IA,0.07984360030273424
scen_random_2,ID,0.5587583141918069
scen_random_2,IL,0.07002986683620006
scen_random_2,IN,0.048645972488042956
scen_random_2,KS,0.0645107052425186
scen_random_2,KY,0.042374346528132836
scen_random_2,LA,0.03504388974622696
scen_random_2,MA,0.03155096114484429
scen_random_2,MD,0.03468397028781176
scen_random_2,ME,0.0340813610079641
scen_random_2,MI,0.07462549556896714
scen_random_2,MN,0.0946233391463313
scen_random_2,MO,0.07575935168835628
scen_random_2,MS,0.049645466566338496
scen_random_2,MT,0.18279069841485895
scen_random_2,NC,0.04605688026499506
scen_random_2,ND,0.14520238096176646
scen_random_2,NE,0.07552580237076817
scen_random_2,NH,0.023236717331256738
scen_random_2,NJ,0.04576937938866982
scen_random_2,NM,0.14581596840471905
scen_random_2,NV,0.5052583034435879
scen_random_2,NY,0.042806410613965735
scen_random_2,OH,0.04683522678058075
scen_random_2,OK,0.08666269192302169
scen_random_2,OR,0.5420809121379128
scen_random_2,PA,0.038640702908329105
scen_random_2,RI,0.02620899043889228
scen_random_2,SC,0.052996504521669645
scen_random_2,SD,0.10476133483934337
scen_random_2,TN,0.062323026524567476
scen_random_2,TX,0.12122272605658013
scen_random_2,UT,0.34157255641444934
scen_random_2,VA,0.03586648629637058
scen_random_2,VT,0.02763858068238249
scen_random_2,WA,0.3783317981276214
scen_random_2,WI,0.08317120004964039
scen_random_2,WV,0.040515712881833095
scen_random_2,WY,0.10547021766125872
CFS,AK,0.02057831147428808
CFS,AL,0.0573389027583301
CFS,AR,0.046188015483598806
CFS,AZ,0.2390323961946095
CFS,CA,0.0
CFS,CO,0.10448512913277558
CFS,CT,0.042895772208604355
CFS,DC,0.02952762959847915
CFS,DE,0.041151296727757476
CFS,FL,0.07919164647451263
CFS,GA,0.05045461332052161
CFS,HI,0.34137673408674474
CFS,IA,0.045317958981998384
CFS,ID,0.12102127446419157
CFS,IL,0.047840739364037085
CFS,IN,0.040355090069265846
CFS,KS,0.05440156192080063
CFS,KY,0.046359615695388164
CFS,LA,0.037277520308454576
CFS,MA,0.05720601432733448
CFS,MD,0.059863606749207314
CFS,ME,0.03780862057445545
CFS,MI,0.047068183512634504
CFS,MN,0.06204476771675324
CFS,MO,0.06068618022856111
CFS,MS,0.075745020838848
CFS,MT,0.09431668393777201
CFS,NC,0.06030335800234503
CFS,ND,0.03775612987127107
CFS,NE,0.06823182754519307
CFS,NH,0.06850118354977468
CFS,NJ,0.05090179083869741
CFS,NM,0.10376604548627964
CFS,NV,0.33610271110481793
CFS,NY,0.07895782723124063
CFS,OH,0.04615978720765217
CFS,OK,0.06796922186086243
CFS,OR,0.18874389567637315
CFS,PA,0.04059508475676588
CFS,RI,0.030508357042482868
CFS,SC,0.04521061568865817
CFS,SD,0.040391462986990416
CFS,TN,0.05384632515342089
CFS,TX,0.09525107753714251
CFS,UT,0.16363688446238478
CFS,VA,0.03846583139716796
CFS,VT,0.03927303052272202
CFS,WA,0.1455054142242876
CFS,WI,0.05256250655477468
CFS,WV,0.013574047692522767
CFS,WY,0.040006624435137216
FAF,AK,0.5630391333215172
FAF,AL,0.05107546139230003
FAF,AR,0.041519275035652364
FAF,AZ,0.2788000883369262
FAF,CA,0.0
FAF,CO,0.08539794838851568
FAF,CT,0.04201268128205914
FAF,DC,0.044742052276742654
FAF,DE,0.04019909436928328
FAF,FL,0.07862205046667523
FAF,GA,0.04974178773726099
FAF,HI,0.3011134511551789
FAF,IA,0.040797589740428734
FAF,ID,0.10749845079829293
FAF,IL,0.04705116466185845
FAF,IN,0.03894649719066329
FAF,KS,0.04697748607341091
FAF,KY,0.04385532842022713
FAF,LA,0.030247212376561094
FAF,MA,0.056855020060624595
FAF,MD,0.05693768997022793
FAF,ME,0.03741066558045102
FAF,MI,0.04656533877910844
FAF,MN,0.05719525764169015
FAF,MO,0.05824195878126606
FAF,MS,0.061376672967578344
FAF,MT,0.05984268672912958
FAF,NC,0.05861306947541794
FAF,ND,0.01660576072848034
FAF,NE,0.0565466344347844
FAF,NH,0.06631459454025063
FAF,NJ,0.05021935099298599
FAF,NM,0.05303032463740445
FAF,NV,0.37068208970944505
FAF,NY,0.07726234222744995
FAF,OH,0.04407126088884693
FAF,OK,0.051096165250804716
FAF,OR,0.21137461342000358
FAF,PA,0.03823947954652053
FAF,RI,0.03025379496307975
FAF,SC,0.043763195606074105
FAF,SD,0.032962101774131176
FAF,TN,0.052139698622910735
FAF,TX,0.08555452780284065
FAF,UT,0.14625177235733813
FAF,VA,0.03755595586657552
FAF,VT,0.03754643340812821
FAF,WA,0.14228430971791078
FAF,WI,0.05184258432878978
FAF,WV,0.011112386307073754
FAF,WY,0.01784109365083974
